code,english,canonical,needs_review
Abbas,,Abbas,0
Abbatia,,Abbatia,0
Abbatia Beatae Mariae Virginis,,Abbatia Beatae Mariae Virginis,0
Abbatia Beatae Virginis,,Abbatia Beatae Virginis,1
Abbatia Beate Virginis,,Abbatia Beatae Virginis,1
Abbatia Beate Virginis de area capitulari,,Abbatia Beate Virginis de area capitulari,1
Abbatia Beate Virginis de area capituli,,Abbatia Beate Virginis de area capitulari,1
Abbatia ad Thopozkam,,Abbatia ad Thopozkam,0
Abbatia ad Thopozkam),,Abbatia ad Thopozkam,0
Abbatia ad Thopozkam*,,Abbatia ad Thopozkam,0
Abbatia ad Topozkam,,Abbatia ad Thopozkam,0
Abbatia ad Topozkam*,,Abbatia ad Thopozkam,0
Abbatia bellensis,,Abbatia bellensis,0
Abbatia bellensis*,,Abbatia bellensis,0
Abbatia thoplicensis,,Abbatia thoplicensis,0
Abbatia zagrabiensis,,Abbatia zagrabiensis,0
Aurifaber (zlatar),,Aurifaber (zlatar),0
Banus,ban (viceroy),Banus,0
Beate Marie Virginis,,Beate Marie Virginis,0
Biskup kninski (Episcopus Thiniensis),,Biskup kninski (Episcopus Thiniensis),0
Biskup kninski (Episcopus Thiniensis)*,,Biskup kninski (Episcopus Thiniensis),0
Biskup pećki (Episcopus Quinqueecclesiensis),,Biskup pećki (Episcopus Quinqueecclesiensis),0
Biskup zagrebački (Episcopus Zagrabiensis),Bishop of Zagreb,Biskup zagrebački (Episcopus Zagrabiensis),1
Biskup zagrebački (Episcopus Zagrabiensis) (?),,Biskup zagrebački (Episcopus Zagrabiensis),1
Biskup zagrebački (Episcopus Zagrabiensis) de Zenthgergh,,Biskup zagrebački (Episcopus Zagrabiensis) de Zenthgergh,0
Biskup zagrebački (Episcopus Zagrabiensis)*,,Biskup zagrebački (Episcopus Zagrabiensis),1
"Biskup zagrebački (Episcopus Zagrabiensis), Archiepiscopus",,"Biskup zagrebački (Episcopus Zagrabiensis), Archiepiscopus",1
"Biskup zagrebački (Episcopus Zagrabiensis), Archiepiscopus Colocensis, banus",,"Biskup zagrebački (Episcopus Zagrabiensis), Archiepiscopus",1
"Biskup zagrebački (Episcopus Zagrabiensis), Archiepiscopus Coloczensis, banus",,"Biskup zagrebački (Episcopus Zagrabiensis), Archiepiscopus",1
"Biskup zagrebački (Episcopus Zagrabiensis), Archiepiscopus, banus",,"Biskup zagrebački (Episcopus Zagrabiensis), Archiepiscopus",1
"Biskup zagrebački (Episcopus Zagrabiensis), archiepiscopus, banus",,"Biskup zagrebački (Episcopus Zagrabiensis), Archiepiscopus",1
"Biskup zagrebački (Episcopus Zagrabiensis), banus",,Biskup zagrebački (Episcopus Zagrabiensis),1
"Biskup zagrebački (Episcopus Zagrabiensis), nadbiskup (archiepiscopus), banus",,"Biskup zagrebački (Episcopus Zagrabiensis), Archiepiscopus",1
Cantor,,Cantor,0
Cantor-St. Crux,,Cantor-St. Crux,0
Capitulum Albense,,Capitulum Albensis,1
Capitulum Albensis,,Capitulum Albensis,1
Causarum regalium directoris,,Causarum regalium directoris,0
Citarista,,Citarista,0
Claustrum Crisiense,,Claustrum Crisiense,0
Coloni plebanatus,,Coloni plebanatus,0
Comes,,Comes,0
Custos,,Custos,0
Custos Chasmensis,,Custos Chasmensis,0
Despotissa,,Despotissa,0
Dicator,,Dicator,0
Dicator (Ladislaus Imprych),,Dicator (Ladislaus Imprych),0
Dicator (gener eius),,Dicator (gener eius),0
Director,,Director,0
Director causae,,Director causae,0
Director causarum regalium,,Directoris causarum regalium,1
Directoris causarum regalium,,Directoris causarum regalium,1
Diversorum,,Diversorum,0
Domina ducissa,,Domina ducissa,0
Dominus Thezaurarius,,Dominus Thezaurarius,0
Dominus sufraganeus,,Dominus sufraganeus,0
Domus hospitalis,,Domus hospitalis,0
Draguljar (gemmifisor),,Draguljar (gemmifisor),0
Duccisa,,Ducissa,0
Ducissa,,Ducissa,0
Ducissa* de dicto Medwewar,,Ducissa* de dicto Medwewar,0
Dux,,Dux,0
Dux (knez),,Dux (knez),0
Episcopus,,Episcopus,0
"Episcopus, banus",,"Episcopus, banus",0
Eremiti (Fratres heremitae),Pauline hermit friars,Eremiti (Fratres heremitae),0
Eremiti (Fratres heremitae) Beate Anne,,Eremiti (Fratres heremitae) Beate Anne,1
Eremiti (Fratres heremitae) St. Anne,,Eremiti (Fratres heremitae) Beate Anne,1
Eremiti (Fratres heremitae) St. Benedicti,,Eremiti (Fratres heremitae) St. Benedicti,1
Eremiti (Fratres heremitae) de Garygh,,Eremiti (Fratres heremitae) sub Garyg,1
Eremiti (Fratres heremitae) de Lepaglawa,,Eremiti (Fratres heremitae)-Lepoglava,1
Eremiti (Fratres heremitae) prope Zagrabiam,,Eremiti (Fratres heremitae) prope Zagrabiam,0
Eremiti (Fratres heremitae) sub Garyg,,Eremiti (Fratres heremitae) sub Garyg,1
Eremiti (Fratres heremitae) sub Kamenie,,Eremiti (Fratres heremitae) sub Medwe,1
Eremiti (Fratres heremitae) sub Medwe,,Eremiti (Fratres heremitae) sub Medwe,1
Eremiti (Fratres heremitae) sub Medwewar,,Eremiti (Fratres heremitae) sub Medwe,1
Eremiti (Fratres heremitae) zagrebački,,Eremiti (Fratres heremitae) zagrebački,0
Eremiti (Fratres heremitae)-Lepoglava,,Eremiti (Fratres heremitae)-Lepoglava,1
Eremiti (Fratres heremitae)-St. Anna,,Eremiti (Fratres heremitae) Beate Anne,1
Eremiti (Fratres heremitae)-St.Benedikt,,Eremiti (Fratres heremitae) St. Benedicti,1
Eremiti (Fratres heremitae)-sub Medwe,,Eremiti (Fratres heremitae) sub Medwe,1
Eremiti-Lepoglava,,Eremiti-Lepoglava,0
Familiaris domini bani,,Familiaris domini bani,0
Fratres,,Fratres,0
Fratres Eremiti (Fratres heremitae),,Fratres Eremiti (Fratres heremitae),0
Fratres Eremiti (Fratres heremitae)-Lepoglava,,Fratres Eremiti (Fratres heremitae)-Lepoglava,0
Fratres Sancte Anne,,Fratres Sancte Anne,0
Fratres St. Ane,,Fratres St. Anne,0
Fratres St. Anne,,Fratres St. Anne,0
Fratres St. Augustini,,Fratres St. Augustini,0
Fratres St. Francisci,,Fratres St. Francisci,0
Fratres de Kamennye,,Fratres de Kamennye,0
Fratres predicatores,,Fratres predicatores,0
Fratres predicatores-Chasma,,Fratres predicatores-Chasma,0
Fratres predicatorum,,Fratres predicatorum,0
Fratres zagrabienses,,Fratres zagrabienses,0
Fratres-Crisium,,Fratres-Crisium,0
Fratres-Lepoglava,,Fratres-Lepoglava,0
Fratres-Ludbreg,,Fratres-Ludbreg,0
Fratres-Varasd,,Fratres-Varasd,0
Fratres-franjevci,,Fratres-franjevci,0
Fratres-pavlini-Lepoglava,,Fratres-pavlini-Lepoglava,0
Fratrum predicatorum de Wereucze,,Fratrum predicatorum de Wereucze,0
Glagoljaš (glagolyhta),,Glagoljaš (glagolyhta),0
Gradec (Civitas Montis Grecensis Zagrabiensis),,Gradec (Civitas Montis Grecensis Zagrabiensis),1
Gradec (Civitas Montis Grecensis Zagrabiensis)-civitas,,Gradec (Civitas Montis Grecensis Zagrabiensis),1
Greben,,Greben,0
Hospitalis,,Hospitalis,0
Hospitium domini bani et domini thesaurarii,,Hospitium domini bani et domini thesaurarii,0
Inquilin,,Inquilini,1
Inquilini,,Inquilini,1
Insistor,,Insistor,0
Ispan*,,Ispan*,0
Judex Capituli Zagrabiensis,,Judex Capituli Zagrabiensis,0
Judex nobilium,noble magistrate (judge of nobles),Judex nobilium,0
Judex nobilium (Zagrebačka župnija),,Judex nobilium (Zagrebačka župnija),0
Judex nobilium ultra Kwppam,,Judex nobilium ultra Kwppam,0
Judex nobilium*,,Judex nobilium,0
"Judex nobilium, Litteratus",,"Judex nobilium, Litteratus",0
"Judex nobilium, litteratus",,"Judex nobilium, Litteratus",0
Juratus nobilis,,Juratus nobilis,0
Juratus nobilis*,,Juratus nobilis,0
Kaptol pećuški (Capitulum Quinqueecclesiense),,Kaptol pećuški (Capitulum Quinqueecclesiense),0
Kaptol zagrebački,,Kaptol zagrebački,0
Kaptol zagrebački (Capitulum Zagrabiense),Zagreb cathedral chapter,Kaptol zagrebački (Capitulum Zagrabiense),0
Kaptol Čazmanski,,Kaptol Čazmanski,0
Kaptol čazmanski (Capitulum Chasmense),,Kaptol čazmanski (Capitulum Chasmense),0
Kardinal,,Kardinal,0
Kaštelan (castellanus),,Kaštelan (castellanus),0
Kralj (rex),,Kralj (rex),0
"Kralj (rex), cum colonis nobilium ibidem praedialium",,"Kralj (rex), cum colonis nobilium ibidem praedialium",0
Kramar (institor),,Kramar (institor),0
Lector,,Lector,0
Lector Casmensis,,Lector Casmensis,0
Lector-Zagrabia,,Lector-Zagrabia,0
Literatus,,Litteratus,0
Litteratus,literate / clerk (litteratus),Litteratus,0
Litteratus Chasmensis,,Litteratus Chasmensis,0
Litteratus Judex nobilium,,"Litteratus, Judex nobilium",1
"Litteratus, Dicator",,"Litteratus, dicator",0
"Litteratus, Judex nobilium",,"Litteratus, Judex nobilium",1
"Litteratus, Michael",,"Litteratus, Michael",0
"Litteratus, Predialis (predijalac)",,"Litteratus, Predialis (predijalac)",0
"Litteratus, Vicejudex nobilium",,"Litteratus, Judex nobilium",1
"Litteratus, civis Zagrabiensis",,"Litteratus, civis Zagrabiensis",0
"Litteratus, dicator",,"Litteratus, dicator",0
"Litteratus, exactor dicae, predijalac (predialis domini episcopi et bani)",,"Litteratus, exactor dicae, predijalac (predialis domini episcopi et bani)",0
Locumtenens,,Locumtenens,0
Lukawecz-castellum,,Lukawecz-castellum,0
Magister,master,Magister,0
Magister C.R.,,Magister C.R.,0
Magister Prothonotarius,,Magister protonotharius,0
Magister canonicus,,Magister canonicus,0
Magister capelle,,Magister capelle,0
Magister capelle Laurentii ducis,,Magister capelle Laurentii ducis,0
Magister hospitalis,,Magister hospitalis,0
Magister hospitalis de Wereucze,,Magister hospitalis de Wereucze,1
Magister hospitalis de Werewcze,,Magister hospitalis de Wereucze,1
Magister hospitalis de oppido Werewcze,,Magister hospitalis de Wereucze,1
Magister hospitalis in Monozlo,,Magister hospitalis in Monozlo,0
Magister organista,,Magister organista,0
Magister prebendarius,,Magister prebendarius,0
Magister prothonotarius,,Magister protonotharius,0
Magister protonotharius,,Magister protonotharius,0
Monozlo*,,Monozlo*,0
Nadbiskup (Archiepiscopus ad Monozlo),,Nadbiskup (Archiepiscopus ad Monozlo),0
Nadbiskup ostrogonski (Archiepiscopus Strigoninesis),,Nadbiskup ostrogonski (Archiepiscopus strigoniensis),1
Nadbiskup ostrogonski (Archiepiscopus Strigoninesis)*,,Nadbiskup ostrogonski (Archiepiscopus strigoniensis),1
Nadbiskup ostrogonski (Archiepiscopus strigoniensis),,Nadbiskup ostrogonski (Archiepiscopus strigoniensis),1
Nadbiskup ostrogonski (Archiepiscopus strigoniensis)*,,Nadbiskup ostrogonski (Archiepiscopus strigoniensis),1
Nobiles (miserorum nobilium),,Nobiles (miserorum nobilium),0
Nobiles Campi Zagrabiensis,,Turopoljska plemenita općina (Nobiles Campi Zagrabiensis),0
Nobiles campi,,Turopoljska plemenita općina (Nobiles Campi Zagrabiensis),0
Nobiles campi Zagrabiensis,,Turopoljska plemenita općina (Nobiles Campi Zagrabiensis),0
Nobiles de Beryzlawcz,,Nobiles de Beryzlawcz,0
Nobiles de Hrwssowcz,,Nobiles de Hrwssowcz,1
Nobiles de Korylowcz,,Nobiles de Korylowcz,0
Nobiles de Lwkawecz,,Nobiles de Lwkawecz,0
Nobiles de Mykwlych,,Nobiles de Mykwlych,0
Nobiles praediales,,Nobiles praediales,0
Nobiles praediales de Samssynowcz,,Nobiles praediales de Samssynowcz,0
Nobiles prediales episcopatus Zagrabiensis,,Nobiles prediales episcopatus Zagrabiensis,0
Nobiles unius sessionis,,Nobiles unius sessionis,0
Nobiles unius sessionis ad Monozlo,,Nobiles unius sessionis ad Monozlo,0
Nobiles unius sessionis in provincia Chasmensi,,Nobiles unius sessionis in provincia Chasmensi,1
Nobiles unius sessionis in provincia Dombrensi,,Nobiles unius sessionis in provincia Chasmensi,1
Nobiles unius sessionis provincie Chasmensis,,Nobiles unius sessionis in provincia Chasmensi,1
Nobiles-Hrwssowcz,,Nobiles de Hrwssowcz,1
Notarius comitati,,Notarius comitati,0
Notarius sedis,,Notarius sedis,0
Organista,,Organista,0
Ostrogonski nadbiskup (Archiepiscopus strigoniensis),,Ostrogonski nadbiskup (Archiepiscopus strigoniensis),0
Palatinissa,,Palatinissa,0
Palatinus,,Palatinus,0
Plebanus cum prebenda,,Plebanus cum prebenda,0
Plebanus et prebendarius,,Plebanus et prebendarius,0
Plemići predijalci Zagrebačke biskupije (Nobiles prediales episcopatus Zagrabiensis),,Plemići predijalci Zagrebačke biskupije (Nobiles prediales episcopatus Zagrabiensis),0
Pokwpye-castrum,,Pokwpye-castrum,0
Prebenda (prebenda),,Prebenda (prebenda),0
Prebendar,,Prebendar,0
Prebendar (prebendarius Laurentii ducis),,Prebendar (prebendarius Laurentii ducis),0
Prebendar (prebendarius hospitalis),,Prebendar (prebendarius hospitalis),0
"Prebendar (prebendarius hospitalis), capellanus domini episcopi",,"Prebendar (prebendarius hospitalis), capellanus domini episcopi",0
Prebendar (prebendarius),prebendary,Prebendar (prebendarius),1
Prebendar (prebendarius) Varalya,,Prebendar (prebendarius) Varalya,0
Prebendar (prebendarius) ad Achyna,,Prebendar (prebendarius) ad Achyna,0
Prebendar (prebendarius)-Prodauiz,,Prebendar (prebendarius)-Prodauiz,0
Prebendari (prebendari Chasmensi sancte Katherine),,Prebendari (prebendari Chasmensi sancte Katherine),0
Prebendari (prebendari),,Prebendar (prebendarius),1
Prebendari (prebendarii),,Prebendar (prebendarius),1
Prebendarius,prebendary,Prebendarius,0
Prebendarius dominis Michael do Monozlo,,Prebendarius dominis Michael do Monozlo,0
Prebendarius et magister scholae,,Prebendarius et magister scholae,1
Prebendarius et magister schole,,Prebendarius et magister scholae,1
Prebendarius et rector scholae,,Prebendarius et rector scholae,0
Prebendarius hospitalis,,Prebendarius hospitalis,0
Prebendarius-Achyna,,Prebendarius-Achyna,0
Prebendarius-Dragowya,,Prebendarius-Dragowya,0
Prebendarius-St. Katharina,,Prebendarius-St. Katharina,0
Prebendarius-Zemche,,Prebendarius-Zemche,0
Prediales unius sessionis,,Prediales unius sessionis,0
Prediales unius sessionis de Monozlo,,Prediales unius sessionis de Monozlo,0
Predialis (predijalac),,Predialis (predijalac),0
Predialis-castellum Bosyako*,,Predialis-castellum Bosyako*,0
Predicator,,Predicator,0
Predijalac (predialis domini episcopi et bani),,Predijalac (predialis domini episcopi et bani),0
Predijalac (predialis),,Predijalac (predialis),1
Predijalac (predialis)-Abbatia*,,Predijalci (prediales)-abbatia,1
Predijalci (prediales),,Predijalac (predialis),1
Predijalci (prediales)-Dominus episcopus,,Predijalci (prediales)-Dominus episcopus,0
Predijalci (prediales)-abbatia,,Predijalci (prediales)-abbatia,1
Predijalci Vranskog priorata,,Predijalci Vranskog priorata,0
Predijalci razni Zagrebačke opatije (Prediales diversae abbatiae Zagrabiensis),,Predijalci razni Zagrebačke opatije (Prediales diversae abbatiae Zagrabiensis),0
"Predijalci, prebendari, župnici (prediales, prebendari, plebani)",,"Predijalci, prebendari, župnici (prediales, prebendari, plebani)",0
Predium,,Predium,0
Prepošt (Prepositus Maior-Zagrabia),,Prepošt (Prepositus Maior-Zagrabia),0
Prepošt (Vicus prepositure de area in plebanatu Sancte Marie Zagrabiensis),,Prepošt (Vicus prepositure de area in plebanatu Sancte Marie Zagrabiensis),0
Prepošt (praepositus major),,Prepošt (praepositus major),1
Prepošt (praepositus minor),,Prepošt (praepositus major),1
Prepošt (praepositus),,Prepošt (praepositus),1
Prepošt (praepositus) Beatae Virginis,,Prepošt (praepositus)-Beate Mariae Virginis,1
Prepošt (praepositus) Beatae Virginis in area Capitulari,,Prepošt-Prepositus Beate Virginis Marie in Area Capitulari,1
Prepošt (praepositus) Beate Virginis,,Prepošt (praepositus)-Beate Mariae Virginis,1
Prepošt (praepositus) Beate Virginis*,,Prepošt (praepositus)-Beate Mariae Virginis,1
Prepošt (praepositus) Ecclesiae Beate Virginis in Area capitulari,,Prepošt-Prepositus Beate Virginis Marie in Area Capitulari,1
Prepošt (praepositus) de Area prope Zawam in Sancta Clara,,Prepošt (praepositus) de Area prope Zawam in Sancta Clara,0
Prepošt (praepositus) domini palatini,,Prepošt (praepositus) domini palatini,0
Prepošt (praepositus)-Beatae Virginis,,Prepošt (praepositus)-Beate Mariae Virginis,1
Prepošt (praepositus)-Beate Mariae Virginis,,Prepošt (praepositus)-Beate Mariae Virginis,1
Prepošt (praepositus)-Chasma,,Prepošt (praepositus)-Chasma,0
Prepošt (praepositus)-Galgoncza,,Prepošt (praepositus)-Galgoncza,1
Prepošt (praepositus)-Galgoncza*,,Prepošt (praepositus)-Galgoncza,1
Prepošt (praepositus)-Glagoncza,,Prepošt (praepositus)-Galgoncza,1
Prepošt (praepositus)-Olkoncza,,Prepošt (praepositus)-Galgoncza,1
Prepošt (praepositus)-Waska,,Prepošt (praepositus)-Waska,0
Prepošt (praepositus)-Zagrabia,,Prepošt (praepositus)-Zagrabia,0
Prepošt (prepositus),,Prepošt (praepositus),1
Prepošt (prepositus)-Galgoncza,,Prepošt (praepositus)-Galgoncza,1
Prepošt (prepositus)-Glagoncza,,Prepošt (praepositus)-Galgoncza,1
Prepošt-Prepositus Beate Virginis Marie in Area Capitulari,,Prepošt-Prepositus Beate Virginis Marie in Area Capitulari,1
Prezbiter (presbiterus prebendae),,Prezbiter (presbiterus prebendae),0
Prezbiter (presbiterus),,Prezbiter (presbiterus),0
Prothonotarius,,Prothonotarius,0
"Prothonotarius, Vicejudex nobilium",,"Prothonotarius, Vicejudex nobilium",0
"Prothonotarius, magister",,"Prothonotarius, magister",0
Protonotharius,,Prothonotarius,0
"Protonotharius regni, magister",,"Protonotharius regni, magister",0
"Protonotharius, magister",,"Prothonotarius, magister",0
Rector,,Rector,0
Rector capelle,,Rector capelle,0
Rector hospitalis,,Rector hospitalis,0
Relicta,,Relicta,0
Sacellus-St. Michael,,Sacellus-St. Michael,0
Sartor,,Sartor,0
Scriptor in dicatione,,Scriptor in dicatione,0
Secretarius Suae Maiestatis,,Secretarius Suae Maiestatis,0
St. Nicolaus,,St. Nicolaus,0
Subvicecomes,,Subvicecomes,0
Supanatus Rewche,,Supanatus Rewche,0
Sutor,,Suttor,0
Suttor,,Suttor,0
Turopoljska plemenita općina (Nobiles Campi Zagrabiensis),,Turopoljska plemenita općina (Nobiles Campi Zagrabiensis),0
Turopoljska plemenita općina (Nobiles campi Zagrabiensis),,Turopoljska plemenita općina (Nobiles Campi Zagrabiensis),0
Upravitelj (quod tenuit),,Upravitelj (quod tenuit),0
VIcecomes,,Vicecomes,0
Varasd-arx,,Varasd-arx,0
Varasd-cives,,Varasd-cives,0
Varasd-cives civitatis,,Varasd-cives civitatis,0
Varasd-civitas,,Varasd-civitas,0
Vicarius-Episcopatus Zagrabiensis,,Vicarius-Episcopatus Zagrabiensis,0
Vicebanus,,Vicebanus,0
Vicebanus*,,Vicebanus,0
"Vicebanus, dicator",,"Vicebanus, dicator",0
Vicecomes,vice-count (deputy count),Vicecomes,0
"Vicecomes, dicator",,"Vicecomes, dicator",0
"Vicecomes, juratus",,"Vicecomes, juratus",0
Vicejudex,,Vicejudex,0
Vicejudex nobilium,deputy noble magistrate,Vicejudex nobilium,1
Vicejudex nobilium*,,Vicejudex nobilium,1
Vicejudex nobilum,,Vicejudex nobilium,1
Viceprothonotarius,,Viceprothonotarius,0
Viceprothonotarius (suprug),,Viceprothonotarius (suprug),0
Viceprothonotarius regni,,Viceprothonotarius regni,0
"Viceprothonotarius regni, magister",,"Viceprothonotarius regni, magister",0
"Viceprothonotarius regni, notarius sedis Varasdiensis",,"Viceprothonotarius regni, notarius sedis Varasdiensis",0
"Viceprothonotarius, dicator",,"Viceprothonotarius, dicator",0
Vicespanus,,Vicespanus,0
Vojvoda,,Vojvoda,0
Vojvoda-Transilvanija (Erdelj),,Vojvoda-Transilvanija (Erdelj),0
Vranski priorat (Prioratus Auranae),,Vranski priorat (Prioratus Auranae),0
Vranski priorat (Prioratus Auranae) (Dominus prioris Auranae),,Vranski priorat (Prioratus Auranae) (Dominus prioris Auranae),0
Vranski priorat (Prioratus Auranae)*,,Vranski priorat (Prioratus Auranae),0
Vranski priorat* (Prioratus Barbati),,Vranski priorat* (Prioratus Barbati*),0
Vranski priorat* (Prioratus Barbati*),,Vranski priorat* (Prioratus Barbati*),0
Zagrebački biskup (Archiepiscopus ecclesiae Zagrabiensis),,Zagrebački biskup (Archiepiscopus ecclesiae Zagrabiensis),0
Zagrebački biskup (Episcopus Zagrabiensis),,Zagrebački biskup (Episcopus Zagrabiensis),1
"Zagrebački biskup (Episcopus Zagrabiensis), banus",,Zagrebački biskup (Episcopus Zagrabiensis),1
Zamobor-cives,,Zamobor-cives,0
Zamobor-civitas,,Zamobor-civitas,0
Zthenychnyak-castrum,,Zthenychnyak-castrum,0
posta,,posta,0
"Župnici (plebani)-St.Georgius, St. Paulus",,"Župnici (plebani)-St.Georgius, St. Paulus",0
Župnik,,Župnik,0
Župnik (plebanus -Zylag,,Župnik (plebanus)-Zylagh,0
Župnik (plebanus Laurentii ducis),,Župnik (plebanus Laurentii ducis),0
Župnik (plebanus exactoris),,Župnik (plebanus exactoris),0
Župnik (plebanus),parish priest,Župnik (plebanus),0
Župnik (plebanus) Beate Virginis,,Župnik (plebanus)-Beate Virginis,1
Župnik (plebanus) Sanctae Trinitatis,,Župnik (plebanus) Sanctae Trinitatis,0
Župnik (plebanus) Sancte Marie,,Župnik (plebanus) Sancte Marie,0
Župnik (plebanus) Sancte Nedelye,,Župnik (plebanus) Sancte Nedelye,1
Župnik (plebanus) Sancti Martinus,,Župnik (plebanus)-St. Martinus,1
Župnik (plebanus) Sancti Nicolai,,Župnik (plebanus) Sancti Nicolai,0
Župnik (plebanus) Sancti Petri,,Župnik (plebanus) Sancti Petri,0
Župnik (plebanus) St. Cosma,,Župnik (plebanus) St. Cosma,0
Župnik (plebanus) St. Trinitas,,Župnik (plebanus)-St. Trinitas,0
Župnik (plebanus) Varalya,,Župnik (plebanus) Varalya,0
Župnik (plebanus) Werthlin,,Župnik (plebanus) Werthlin,0
Župnik (plebanus) Zamoboriensis,,Župnik (plebanus) Zamoboriensis,0
Župnik (plebanus) Zenth Nedelyae,,Župnik (plebanus) Sancte Nedelye,1
Župnik (plebanus) de Bedenycza,,Župnik (plebanus) de Bedenycza,1
Župnik (plebanus) de Krawarzka,,Župnik (plebanus) de Krawarzka,0
Župnik (plebanus) de Petrowyna,,Župnik (plebanus) de Petrowyna,0
Župnik (plebanus) de Zenth Iwan,,Župnik (plebanus) de Zenth Iwan,0
Župnik (plebanus) domini palatini,,Župnik (plebanus) domini palatini,0
Župnik (plebanus) ecclesiae Sanctissimae Trinitatis,,Župnik (plebanus) ecclesiae Sanctissimae Trinitatis,0
Župnik (plebanus) sub Lobor,,Župnik (plebanus) sub Lobor,0
Župnik (plebanus) sub Naghkemlek,,Župnik (plebanus) sub Naghkemlek,0
Župnik (plebanus) sub Thrakosthan,,Župnik (plebanus) sub Thrakostyan,1
Župnik (plebanus) sub Thrakostyan,,Župnik (plebanus) sub Thrakostyan,1
Župnik (plebanus)- Beate Marie Virginis,,Župnik (plebanus)-Beate Virginis,1
Župnik (plebanus)-Achina,,Župnik (plebanus)-Achyna,0
Župnik (plebanus)-Achyna,,Župnik (plebanus)-Achyna,0
Župnik (plebanus)-Beate Jage,,Župnik (plebanus)-Beate Jage,0
Župnik (plebanus)-Beate Virginis,,Župnik (plebanus)-Beate Virginis,1
Župnik (plebanus)-Bedennycza,,Župnik (plebanus) de Bedenycza,1
Župnik (plebanus)-Bednia,,Župnik (plebanus) de Bedenycza,1
Župnik (plebanus)-Bela,,Župnik (plebanus) de Bedenycza,1
Župnik (plebanus)-Berzewcze,,Župnik (plebanus)-Berzewcze,0
Župnik (plebanus)-Bisag,,Župnik (plebanus)-Bisag,0
Župnik (plebanus)-Blažena Marija,,Župnik (plebanus)-Blažena Marija,0
Župnik (plebanus)-Breznica,,Župnik (plebanus) de Bedenycza,1
Župnik (plebanus)-Capronca,,Župnik (plebanus)-Capronca,1
Župnik (plebanus)-Cherzthwecz,,Župnik (plebanus)-Cherzthwecz,1
Župnik (plebanus)-Cherztwecz Zenth Peter,,Župnik (plebanus)-Cherztwecz Zenth Peter,0
Župnik (plebanus)-Chreztwecz,,Župnik (plebanus)-Cherzthwecz,1
Župnik (plebanus)-Dobrawa,,Župnik (plebanus)-Dobrawa,0
Župnik (plebanus)-Dragowya,,Župnik (plebanus)-Dragowya,0
Župnik (plebanus)-Dubowcz,,Župnik (plebanus)-Dubowcz,0
Župnik (plebanus)-Gersencze Zloboda,,Župnik (plebanus)-Gersencze Zloboda,0
Župnik (plebanus)-Jasterabrsko,,Župnik (plebanus)-Jasterabrsko,1
Župnik (plebanus)-Jastrebarsko,,Župnik (plebanus)-Jasterabrsko,1
Župnik (plebanus)-Jaztrebarzka,,Župnik (plebanus)-Jaztrebarzka,0
Župnik (plebanus)-Jurowlan,,Župnik (plebanus)-Jurowlyak,1
Župnik (plebanus)-Jurowlyak,,Župnik (plebanus)-Jurowlyak,1
Župnik (plebanus)-Kalecz,,Župnik (plebanus)-Kalecz,0
Župnik (plebanus)-Kapruncza,,Župnik (plebanus)-Capronca,1
Župnik (plebanus)-Kemlek,,Župnik (plebanus)-Kemlek,0
Župnik (plebanus)-Krapina,,Župnik (plebanus)-Krapina,0
Župnik (plebanus)-Križevci,,Župnik (plebanus)-Križevci,0
Župnik (plebanus)-Kwsthyarowcz,,Župnik (plebanus)-Kwsthyarowcz,0
Župnik (plebanus)-Ludbreg,,Župnik (plebanus)-Ludbreg,0
Župnik (plebanus)-Miholancz,,Župnik (plebanus)-Miholancz,0
Župnik (plebanus)-Mikethincz,,Župnik (plebanus)-Mikethincz,0
Župnik (plebanus)-Monozlo,,Župnik (plebanus)-Monozlo,0
Župnik (plebanus)-Nouechyche,,Župnik (plebanus)-Nouechyche,0
Župnik (plebanus)-Omnii Sancti,,Župnik (plebanus)-Omnii Sancti,0
Župnik (plebanus)-Prezeka,,Župnik (plebanus)-Prezeka,0
Župnik (plebanus)-Rakonok,,Župnik (plebanus)-Rakonok,0
Župnik (plebanus)-Rakovec,,Župnik (plebanus)-Rakovec,0
Župnik (plebanus)-Reyche,,Župnik (plebanus)-Zemche,1
Župnik (plebanus)-St. Benedictus,,Župnik (plebanus)-St. Martinus,1
Župnik (plebanus)-St. Brictus,,Župnik (plebanus)-St. Martinus,1
Župnik (plebanus)-St. Catherina,,Župnik (plebanus)-St. Catherina,0
Župnik (plebanus)-St. Cosma,,Župnik (plebanus) St. Cosma,0
Župnik (plebanus)-St. Cosma et Damianus,,Župnik (plebanus)-St. Cosma et Damianus,1
Župnik (plebanus)-St. Cosme et Damiani,,Župnik (plebanus)-St. Cosma et Damianus,1
Župnik (plebanus)-St. Crux,,Župnik (plebanus)-St. Crux,0
"Župnik (plebanus)-St. Demetrius, Zemche",,"Župnik (plebanus)-St. Demetrius, Zemche",0
Župnik (plebanus)-St. Georgius,,Župnik (plebanus)-St. Georgius,0
Župnik (plebanus)-St. Johannes,,Župnik (plebanus)-St. Johannes,0
Župnik (plebanus)-St. Juraj,,Župnik (plebanus)-St. Juraj,0
Župnik (plebanus)-St. Klara,,Župnik (plebanus)-St. Martinus,1
Župnik (plebanus)-St. Kuzma,,Župnik (plebanus)-St. Kuzma,1
Župnik (plebanus)-St. Kuzme,,Župnik (plebanus)-St. Kuzma,1
Župnik (plebanus)-St. Marcus,,Župnik (plebanus)-St. Martinus,1
Župnik (plebanus)-St. Maria,,Župnik (plebanus)-St. Martinus,1
Župnik (plebanus)-St. Maria sub Okych,,Župnik (plebanus)-St. Martinus sub Okych,1
Župnik (plebanus)-St. Martinus,,Župnik (plebanus)-St. Martinus,1
"Župnik (plebanus)-St. Martinus (St. Maria, 1 desertus fumus)",,"Župnik (plebanus)-St. Martinus (St. Maria, 1 desertus fumus)",0
Župnik (plebanus)-St. Martinus sub Okych,,Župnik (plebanus)-St. Martinus sub Okych,1
"Župnik (plebanus)-St. Martinus, Predialis-castellum Bosyako*",,"Župnik (plebanus)-St. Martinus, Predialis-castellum Bosyako*",0
Župnik (plebanus)-St. Michael,,Župnik (plebanus)-St. Michael,0
Župnik (plebanus)-St. Nicolaus,,Župnik (plebanus)-St. Nicolaus,1
Župnik (plebanus)-St. Nikola,,Župnik (plebanus)-St. Nicolaus,1
Župnik (plebanus)-St. Petrus,,Župnik (plebanus)-St. Petrus,0
Župnik (plebanus)-St. Stephanus,,Župnik (plebanus)-St. Stephanus,0
Župnik (plebanus)-St. Trinitas,,Župnik (plebanus)-St. Trinitas,0
Župnik (plebanus)-St.Michael,,Župnik (plebanus)-St. Michael,0
Župnik (plebanus)-St.Nikola,,Župnik (plebanus)-St. Nicolaus,1
Župnik (plebanus)-St.Trojstvo,,Župnik (plebanus)-St.Trojstvo,0
Župnik (plebanus)-Svi Sveti,,Župnik (plebanus)-Svi Sveti,0
Župnik (plebanus)-Szent Nedelye,,Župnik (plebanus) Sancte Nedelye,1
Župnik (plebanus)-Virovitica,,Župnik (plebanus)-Virovitica,0
Župnik (plebanus)-Waralya,,Župnik (plebanus) Varalya,0
Župnik (plebanus)-Wolawlya,,Župnik (plebanus)-Wolawlya,0
Župnik (plebanus)-Wyhel,,Župnik (plebanus)-Wyhel,0
Župnik (plebanus)-Zamobor,,Župnik (plebanus)-Zamobor,0
Župnik (plebanus)-Zemche,,Župnik (plebanus)-Zemche,1
Župnik (plebanus)-Zenth Gergewara,,Župnik (plebanus)-Zenth Gergewara,0
Župnik (plebanus)-Zylagh,,Župnik (plebanus)-Zylagh,0
Župnik (plebanus)-civitas Montis Grecensis Zagrabiensis,,Župnik (plebanus)-civitas Montis Grecensis Zagrabiensis,0
Župnik (plebanus)-civitas Varasd,,Župnik (plebanus)-civitas Varasd,0
Župnik (plebanus)-ecclesia parochialis,,Župnik (plebanus)-ecclesia parochialis,0
Župnik (plebanus)-eclesiae Sanctissimae Trinitatis sub Okych,,Župnik (plebanus)-eclesiae Sanctissimae Trinitatis sub Okych,0
Župnik (plebanus)-oppidum Crisium,,Župnik (plebanus)-oppidum Crisium,0
Župnik (plebanus)-sub castro Ostercz,,Župnik (plebanus)-sub castro Ostercz,0
Župnik (plebanus)-Čazma,,Župnik (plebanus)-Čazma,0
Župnik (plebanus). St. Anna,,Župnik (plebanus)-St. Martinus,1
"Župnik, prebendar (plebanus, prebendarius)",,"Župnik, prebendar (plebanus, prebendarius)",0
