person_id,first_name,surname,normalized_name
1,,Ablancza,
2,,Ade,
3,,Agwsthyza,
4,,Akacius,
5,,Alapi,
6,,Alapii,
7,,Alappy,
8,,Alapy,
9,,Alexandrycza,
10,,Alexandrycze,
11,,Allappy,
12,,Antholkowych,
13,,Apalenych,
14,,Appalenych,
15,,Aranyassy,
16,,Arki,
17,,Arky,
18,,Augustinecz,
19,,Augustyanecz,
20,,Augustynycza,
21,,Aurifaber,
22,,Awgwsthynecz,
23,,Awgwstynecz,
24,,Aythych,
25,,Aythychi,
26,,Aytych,
27,,Babonosich,
28,,Babonosichkae,
29,,Babonosych,
30,,Babonosychka,
31,,Babonosychke,
32,,Baboyelych,
33,,Bacchiani,
34,,Bacchyany,
35,,Bachani,
36,,Bachiani,
37,,Bachyany,
38,,Bakonosychka,
39,,Balaste alias Magas,
40,,Balchych,
41,,Balogh,
42,,Balssa,
43,,Banffy,
44,,Banych,
45,,Barachka,
46,,Barbyer,
47,,Bartakowych,
48,,Bartakoych,
49,,Barthakowych,
50,,Barthakowycz,
51,,Barthakoych,
52,,Barych,
53,,Bathanny,
54,,Bathori,
55,,Bathory,
56,,Bathory G.,
57,,Bathyani,
58,,Bathyany,
59,,Batthany,
60,,Batthyani,
61,,Batthyany,
62,,Battyany,
63,,Bedekowych,
64,,Bedekoych,
65,,Belovarczy,
66,,Belowarczi,
67,,Belowarczy,
68,,"Belowarczy, quondam",
69,,Belowarzy,
70,,Belywdowcz,
71,,Benkowych,
72,,Benkoycza,
73,,Berizlo,
74,,Berlek,
75,,Berowych,
76,,Beroyewych,
77,,Beryzlawych,
78,,Beryzlaych,
79,,Blagonya,
80,,Blasyewych,
81,,Bobynacz,
82,,Bochkay,
83,,Bogachoczy,
84,,Bogdani,
85,,Bolthys,
86,,Boltys,
87,,Borachka,
88,,Borachky,
89,,Boraczka,
90,,Borgyczewc,
91,,Boros,
92,,Borothwa,
93,,Borsonczy,
94,,Borychne,
95,,Bosak,
96,,Bosnyak,
97,,Boynik,
98,,Boynychych,
99,,Boynychycza,
100,,Boynycza,
101,,Bradach,
102,,Bradacz,
103,,Bradarych,
104,,Brelek de Gwilowcz,
105,,Brodarych,
106,,Brodarycz,
107,,Bruman,
108,,Brumani,
109,,Brychek,
110,,Brythvych,
111,,Bubanich,
112,,Bubanicz,
113,,Bubanych,
114,,Budachky,
115,,Budor,
116,,Budysych,
117,,Bukouachky,
118,,Bukouicz,
119,,Bwbanych,
120,,Bwdachki,
121,,Bwdachky,
122,,Bwdachych,
123,,Bwdor,
124,,Bwkowecz,
125,,Bwsanych,
126,,Bylethych,
127,,Bynyczycza,
128,,Byrach,
129,,Candalych,
130,,Capelle,
131,,Casnar,
132,,Castelanffy,
133,,Castellanffi,
134,,Castellanffy,
135,,Castellanfy,
136,,Castellanfyw,
137,,Chabris,
138,,Chastellanfy,
139,,Chawlowych,
140,,Chernarekay,
141,,Chewethlyna,
142,,Chwethkowych,
143,,Chwrko,
144,,Chybak,
145,,Chychinzky,
146,,Chychynay,
147,,Chychynzky,
148,,Coludrich,
149,,Coruin,
150,,Cworlyna,
151,,Czwethych,
152,,Czwetych,
153,,Czwnoczy,
154,,Czybak,
155,,Czyganicz,
156,,Czyghan,
157,,Derffy,
158,,Dersfy,
159,,Deshazy,
160,,Dethychkowycza,
161,,Dethychkoycza,
162,,Detychkoych,
163,,Ditychkowych,
164,,Dobrossewych,
165,,Dobroualich,
166,,Dobrowolych,
167,,Dobychyak,
168,,Dollyansky,
169,,Dolnowalych,
170,,Dolyanzky,
171,,Dorothych,
172,,Dorotyych,
173,,Dragach,
174,,Dragosich,
175,,Dragunich,
176,,Dragwnych,
177,,Draskouych,
178,,Drasymerych,
179,,Drazymerych,
180,,Drobitel,
181,,Drobithel,
182,,Drobytel,
183,,Drobythel,
184,,Drogh,
185,,Drwgh,
186,,Erdedi,
187,,Erdedy,
188,,Erdeody,
189,,Erdeudy,
190,,Erdewdi,
191,,Erdewdy,
192,,Erwenczey,
193,,Ethwes,
194,,Fachar,
195,,Falina,
196,,Farkasii,
197,,Farkassych,
198,,Farkasy,
199,,Farkasyna,
200,,Fatunar,
201,,Feghweres,
202,,Fegweres,
203,,Fensiner,
204,,Ferraris,
205,,Fodroczy,
206,,Forchych,
207,,Forgach,
208,,Forro,
209,,Fychor,
210,,Fychwr,
211,,Fynthych,
212,,Garazda,
213,,Garguchych,
214,,Garygh,
215,,Gerbavecz,
216,,Gerdak,
217,,Gerebeni,
218,,Gereczy,
219,,Gezoynoych,
220,,Gezthy,
221,,Gezty,
222,,Golecz,
223,,Gotal,
224,,Gothal,
225,,Goworkowych,
226,,Gozache,
227,,Grayszbayn,
228,,Gregorianczy,
229,,"Gregoryancz, de",
230,,Gregoryanczy,
231,,"Gregoryanczy, de",
232,,Gregwrycze,
233,,Grexine,
234,,Grexych,
235,,Groff,
236,,Grwbar,
237,,Gulay,
238,,Gwozdanowych,
239,,Gwrek,
240,,Gwrychkonis,
241,,Gyczy,
242,,Gyegacz,
243,,Gyolchych,
244,,Gywlay,
245,,Hadar,
246,,Hahmath,
247,,Hamponis,
248,,Harmychar,
249,,Harmyczar,
250,,Harniczar,
251,,"Hasad, de",
252,,Hasady,
253,,Hassadi,
254,,Hassady,
255,,Hassaghy,
256,,Hassagy,
257,,Hegen,
258,,Hennygh,
259,,Hennyngh,
260,,Henyngh,
261,,Herkffy,
262,,Hodkowych,
263,,Homzky,
264,,Hoydwayzky,
265,,Hozan,
266,,Hozywheghy,
267,,Hozzwhegy,
268,,Hrwssoczy,
269,,Hrwssoczy senior,
270,,Hungari,
271,,Hwbethych,
272,,Hwmzky,
273,,Hysachych,
274,,Isthwanfy,
275,,Isthwanych,
276,,Iwanchych,
277,,Iwanecz,
278,,Iwanosthych,
279,,Iwanusthich,
280,,Jablancha,
281,,Jambrek,
282,,Jarbolthych,
283,,Jembrek,
284,,Jo,
285,,Juryewychka,
286,,Juryewychkae,
287,,Juryewychke,
288,,Jwchethych,
289,,Jwryewychka,
290,,Jwryewychke,
291,,Kamarcha,
292,,Kamarcza,
293,,Kandalych,
294,,Kandalyna,
295,,Kanisay,
296,,Kanysay,
297,,Kanyssay,
298,,Kasnar,
299,,Kassynar,
300,,Kastellanffy,
301,,Katherina,
302,,Kathycze,
303,,Kazmer,
304,,Kaznar,
305,,Keglewich,
306,,Keglewych,
307,,Kelchewych,
308,,Kelemyncza,
309,,Kerchelych,
310,,Kerechen,
311,,Kerecheni,
312,,Kerecheny,
313,,Kerechini,
314,,Kerechiny,
315,,Kerechyn,
316,,Kerechyni,
317,,Kerechyny,
318,,Kerenchychy,
319,,Kesser,
320,,Kissowych,
321,,Klobwk,
322,,Kolarych,
323,,Komornyk,
324,,Konssky,
325,,Konzky,
326,,Kopych,
327,,Koren,
328,,Korenzka,
329,,Korenzky,
330,,Kornyak,
331,,Korotka (?),
332,,Kosowczy,
333,,Kozlych,
334,,Krawaycza,
335,,Krazynay,
336,,Krysanicza,
337,,Krysanycza,
338,,Kwkawycza,
339,,Kwskoczy,
340,,Kyshorwath,
341,,Kyssewych,
342,,Kysseych,
343,,Laczkonis,
344,,Lahoych,
345,,Laknych,
346,,Laurentius,
347,,Lausingher,
348,,Lawsynger,
349,,Lawthws,
350,,Lenardych,
351,,Lenardycz,
352,,Levak,
353,,Lewak,
354,,Liczkoych,
355,,Lonarthfyw,
356,,Lonyay,
357,,Lowrekoycza,
358,,Luce,
359,,Lwdwayewych,
360,,Lwdwaysky,
361,,Lychkoych,
362,,Lychoych,
363,,Madaracz,
364,,Madaras,
365,,Madarasz,
366,,Madaraz,
367,,Magdalenych,
368,,Makochep,
369,,Makotep,
370,,Malykoczy,
371,,Marthynkoych,
372,,Martinkhonis,
373,,Martinkowych,
374,,Martinkoych,
375,,Martynkowych,
376,,Mathysych,
377,,Mayczen,
378,,Mayhoposicz,
379,,Medossewacz,
380,,Medwarych,
381,,Megyerechey,
382,,Megyerechy,
383,,Mernyawchych,
384,,Metheych,
385,,Miklasych,
386,,Mikulasych,
387,,Mixinycza,
388,,Mlynchych,
389,,Mochylag,
390,,More,
391,,Morus,
392,,Morws (More),
393,,Myhanouych,
394,,Myhanowych,
395,,Myhanoych,
396,,Myklyasych,
397,,Mykulich,
398,,Mykwlassych,
399,,Mykwlasych,
400,,Mykwlazych,
401,,Mykwlych,
402,,Mykych,
403,,Myndzenti,
404,,Myndzenty,
405,,Myserych,
406,,Mysllyenowych,
407,,Myslyenowich,
408,,Myxina,
409,,Myxych,
410,,Myxyna,
411,,Myxyne,
412,,Nadasdi,
413,,Nadasdy,
414,,Nasmanych,
415,,Nelepechy,
416,,Nelepeczy,
417,,Nemchych,
418,,Nemchychka,
419,,Nemchychke,
420,,Nenadich,
421,,Nenadych,
422,,Nouak,
423,,Nowakowych,
424,,Nowakowycha,
425,,Nowakoycza,
426,,Nowakycza,
427,,Nowozel,
428,,Orehoczy,
429,,Orgowan,
430,,Orssych,
431,,Orssychy,
432,,Orsych,
433,,Orzagh,
434,,Ostffy,
435,,Oswaldych,
436,,Ozel,
437,,Palffy,
438,,Paprathowych,
439,,Papratowych,
440,,Papratoych,
441,,Pariis,
442,,Paris,
443,,Parys,
444,,Pathykas,
445,,Pathykos,
446,,Pauloych,
447,,Paulycz,
448,,Pawkonys,
449,,Paxy,
450,,Perees,
451,,Perhath,
452,,Perwonozycze,
453,,Pethethych,
454,,Pethew,
455,,Pethranychi,
456,,Pethrawych,
457,,Pethrawychy,
458,,Pethrethych,
459,,Pethrussewych,
460,,Pethrychych,
461,,Pethywffy,
462,,Petrachych,
463,,Petrawichy,
464,,Petrychewych,
465,,Petrycheych,
466,,Petrycz,
467,,Philipanycza,
468,,Philipecz,
469,,Phylipanicha,
470,,Plantak,
471,,Planthak,
472,,Pogan,
473,,Pogani,
474,,Poganiz,
475,,Pogledych,
476,,Polak,
477,,Polunke,
478,,Polwnke,
479,,Polyak,
480,,Polyaknee,
481,,Polychanyn,
482,,Popowych,
483,,Posgay,
484,,Pothosa,
485,,Poyathych,
486,,Poyatych,
487,,Praschoczy,
488,,Premzych,
489,,Prenezyna,
490,,Primar,
491,,Prodarych,
492,,Progochi,
493,,Progowecz,
494,,Pugnak,
495,,Pwchych,
496,,Pwchycz,
497,,Pwczych,
498,,Radathowych,
499,,Radatowych,
500,,"Radenchych, Chasmensis, Istwanych",
501,,Radynowych,
502,,Raskay,
503,,Rasuar,
504,,Rathkay,
505,,Rawony,
506,,Repych,
507,,Repycz,
508,,Reuay,
509,,Reway,
510,,Rogar,
511,,Rokonczy,
512,,Rosdi,
513,,Rosdy,
514,,Rosecz,
515,,Rybych,
516,,Safar,
517,,Safarich,
518,,Saffar,
519,,Saffarych,
520,,Samanouczy,
521,,Sampwh,
522,,Sandorffy,
523,,Santhych,
524,,Sapharich,
525,,Sapharych,
526,,Saronoych,
527,,Saronych,
528,,Sartor,
529,,Sathrych,
530,,Satthrych,
531,,Satthryt,
532,,Schomberg,
533,,Schytaroczy,
534,,Schytharoczy,
535,,Segricza,
536,,Serafyny,
537,,Simon,
538,,Siprak,
539,,Spanych,
540,,Spanycha,
541,,Speranchych,
542,,Spiranchych,
543,,Spissich,
544,,Spychko,
545,,Spychkonis,
546,,Spyranchich,
547,,Spyranchych,
548,,Spyryanchych,
549,,Spyryanecz,
550,,Spyssych,
551,,Stepchych,
552,,Stephanych,
553,,Sthobyczay,
554,,Sthwbyczey,
555,,Sthwmbergher,
556,,Strassemley,
557,,Supanych,
558,,Swazkoych,
559,,Swaztowych,
560,,Swpanych,
561,,Swppanych,
562,,Swsychkae,
563,,Swsychke,
564,,Sydynay,
565,,Sypak,
566,,Syssynachky,
567,,Tablar,
568,,Tahy,
569,,Taroczy,
570,,Tersek,
571,,Thahy,
572,,Tharnoczy,
573,,Tharnok,
574,,Tharnyk,
575,,Thekowcz,
576,,Therek,
577,,Thersachky,
578,,Thersek,
579,,Thoblor,
580,,Thompa,
581,,Thorstek,
582,,Thurbelthy,
583,,Thuroczy,
584,,Thwrbelthi,
585,,Thwrchych,
586,,Thwrchynycza,
587,,Thwrkoych,
588,,Thwroczy,
589,,Tomadawczy,
590,,Tompe,
591,,Trumbytas,
592,,Ungnod,
593,,Vlyako,
594,,Vngnad,
595,,Vngnod,
596,,Vogrynowych,
597,,Vokoslaych,
598,,Vrbani,
599,,Vutorin,
600,,Wehthochy,
601,,Werusowych,
602,,Werych,
603,,Weryssewych,
604,,Wethoczy,
605,,Wgnad,
606,,Wgronffy,
607,,Wgryna,
608,,Wgrynowycz,
609,,Wkozlawich,
610,,Wkozlawych,
611,,Wngnad,
612,,Wngnod,
613,,Wochycz,
614,,Wodopia de Remethincz,
615,,Wogrynya,
616,,Wokman,
617,,Wokoszlawych,
618,,Wokozlauych,
619,,Wokozlawych,
620,,Wokozlaych,
621,,Wokozlaycz,
622,,Wokychewych,
623,,Wokzan,
624,,Woykffy,
625,,Wragowczi,
626,,Wragoych,
627,,Wranczky,
628,,Wrnoczy,
629,,Wugnod,
630,,Wydossych,
631,,Wynczek,
632,,Wynczethych,
633,,Wynnychky,
634,,Ywryewychke,
635,,Zabo,
636,,Zaboky,
637,,Zaboo,
638,,Zagorecz,
639,,Zaklycha,
640,,Zalathnoky,
641,,Zalay,
642,,Zayecz,
643,,Zaynowych,
644,,Zebenya,
645,,Zekel,
646,,Zekirina,
647,,Zekyra,
648,,Zenth Iwany,
649,,Zermegh,
650,,Zernzky,
651,,Zewles,
652,,Zkopchych,
653,,Zlathenycza,
654,,Zluny,
655,,Zlwni,
656,,Zlwny,
657,,Zlywarina,
658,,Zlywarinae,
659,,Zlywaryna,
660,,Zlywaryne,
661,,Zoltay,
662,,Zolthay,
663,,Zopchych,
664,,Zorych,
665,,Zprechky,
666,,Zrini,
667,,Zrinski,
668,,Zriny,
669,,Zryny,
670,,Zrynyo,
671,,Ztansych,
672,,Ztanych,
673,,Ztanycza,
674,,Ztepchych,
675,,Zthanwssych,
676,,Zthanych,
677,,Zthwbyczay,
678,,Ztoych,
679,,Ztresemley,
680,,Ztrozec,
681,,Ztrychkoych,
682,,Ztryskoych,
683,,Zulycza,
684,,Zwethkoicz,
685,,Zwlycza,
686,,Zyngar,
687,Achacius,Erwenchey,
688,Actacius,Vitalis,
689,Ada (Ade),,
690,Adam,Gothal,
691,Adam,Loranth,
692,Adam,Spychko,
693,"Adam, Georgius",Herkffy,
694,Adamus,,
695,Adamus,Gotal,
696,Adamus,Gothal,
697,Adamus,Gottal,
698,Adamus,Herkffy,
699,Adamus,Keglewych,
700,Adamus,Marygolth,
701,Adamus,Spychko,
702,"Adamus, Georgius",Herkffy,
703,Ade,,
704,Akachyus,Garazda,
705,Akacius,,
706,Akacius,Chany,
707,Akacius,Erwenczey,
708,Akacius,Garazda,
709,Akacius,Korontal,
710,Akacius,Korontall,
711,Akacius,Koronthali,
712,Akaczius,,
713,Albert,,
714,Albertus,Lonyay,
715,Alexandrus,,
716,Alexandrycze,,
717,Alexius,Mori,
718,Alia,,
719,Alie,,
720,Alius (Alie),,
721,Alye,,
722,Ambrosius,,
723,Ambrosius,Broz,
724,Ambrosius,Chakan,
725,Ambrosius,Erdegh,
726,Ambrosius,Gregoriancz,
727,Ambrosius,Gregorianczy,
728,Ambrosius,Gregoryancz,
729,Ambrosius,Gregoryanczy,
730,Ambrosius,Harmyczar,
731,Ambrosius,Kecczer,
732,Ambrosius,Terek,
733,Ambrosius,Therek,
734,Ambrosius,Thewk,
735,Ana,Pariis,
736,Ana,Zluny,
737,Andre,Chonka,
738,Andre,Duganicz,
739,Andrea,Augustincz,
740,Andreae,Chonka,
741,Andreae,Czwzych,
742,Andreae,Folnogyewych,
743,Andreae,Saffranych,
744,Andreas,,
745,Andreas,Augustinecz,
746,Andreas,Augustynecz,
747,Andreas,Bath,
748,Andreas,Bathory,
749,Andreas,Bayakowych,
750,Andreas,Baykowych,
751,Andreas,Borothwa,
752,Andreas,Both,
753,Andreas,Both (de Kemlek),
754,Andreas,Bothws,
755,Andreas,"Brezthowcz, de",
756,Andreas,Brythwych,
757,Andreas,Budor,
758,Andreas,Bwdor,
759,Andreas,Chanka,
760,Andreas,Chawka,
761,Andreas,Chonka,
762,Andreas,Chowka,
763,Andreas,Druskoczy,
764,Andreas,Dwdych,
765,Andreas,Dyanikowych,
766,Andreas,Dyankowych,
767,Andreas,Dyankoych,
768,Andreas,Fabych,
769,Andreas,Folnegyewych,
770,Andreas,Folnogewych,
771,Andreas,Folnogeych,
772,Andreas,Folnogyewych,
773,Andreas,Folnogyeych,
774,Andreas,Folnogywycz,
775,Andreas,Galynych,
776,Andreas,Gegach,
777,Andreas,Gerdanych,
778,Andreas,Gerdawych,
779,Andreas,Gerdowych,
780,Andreas,Golynith,
781,Andreas,Golynych,
782,Andreas,Goychich,
783,Andreas,Goychych,
784,Andreas,Gredawych de Rakaria,
785,Andreas,Gwbasoczy,
786,Andreas,Gwzych,
787,Andreas,Hennyngh,
788,Andreas,Henyg,
789,Andreas,"Heryhowcz, de",
790,Andreas,Horwath,
791,Andreas,Isthwanych,
792,Andreas,Istwanych,
793,Andreas,Kassnar,
794,Andreas,Kerecheny,
795,Andreas,Kerechyny,
796,Andreas,Kranycz,
797,Andreas,Kwnyak,
798,Andreas,Lepoych,
799,Andreas,"Mendzenth, de",
800,Andreas,Myrkoczy,
801,Andreas,Myxych,
802,Andreas,Nagoychych,
803,Andreas,Osogh,
804,Andreas,Phylypchych,
805,Andreas,Podlaschych,
806,Andreas,Podloschych,
807,Andreas,Polak,
808,Andreas,Pwnychych,
809,Andreas,Radizlaw,
810,Andreas,Saffranych,
811,Andreas,Simonfyw,
812,Andreas,Spanych,
813,Andreas,Sthwlchych,
814,Andreas,Thermynych,
815,Andreas,Thernynych,
816,Andreas,Thoca,
817,Andreas,Thoka,
818,Andreas,Thowcza,
819,Andreas,Vytez,
820,Andreas,Zlathenycza,
821,Andreas,Zlathynnycza,
822,Andreas,Zowynchych,
823,"Andreas, Johannes",Kassnar,
824,"Andreas, Mathias",,
825,"Andreas, Mathias",Kos,
826,Andreass,Saffranych,
827,Andreus,Deak,
828,Andriae,Folnogyewych,
829,Anna,,
830,Anna,Bradach,
831,Anna,"Farkadyn, de",
832,Anna,"Hozywfalw, de",
833,Anna,Keczer,
834,Anna,"Mikethincz, de",
835,Anna,Zwhodoly,
836,Anthonii,Gereczy,
837,Anthonis,Kys,
838,Anthonius,,
839,Anthonius,Borothwa,
840,Anthonius,Boruthwa,
841,Anthonius,Chankae,
842,Anthonius,Ferkolewechky,
843,Anthonius,Folnegyewych,
844,Anthonius,"Gerecz, de",
845,Anthonius,Gereczy,
846,Anthonius,Gerreczy,
847,Anthonius,Ghereczy,
848,Anthonius,Hrezthynowych,
849,Anthonius,Jambrechich,
850,Anthonius,Kerecheny,
851,Anthonius,Kiis,
852,Anthonius,Lwdykowych,
853,Anthonius,Myndthenthy,
854,Anthonius,Myndzenthi,
855,Anthonius,Myndzenthy,
856,Anthonius,Pwksarych,
857,Anthonius,Skopyloych,
858,Anthonius,"Sysynczy, de",
859,Anthonius,Therko,
860,Antonius,,
861,Antonius,Boruthwa,
862,Antonius,Gereczy,
863,Antonius,"Sesincz, de",
864,Augustin,,
865,Augustinus,,
866,Augustinus,Poyatych,
867,Aurifaber,,
868,Azeg,,
869,Balsa,,
870,Baltasar,Orechoczy,
871,Baltasar,Woykffy,
872,Baltasaris,Laky,
873,Balthasar,,
874,Balthasar,"Alap, de",
875,Balthasar,Alapi,
876,Balthasar,Alapy,
877,Balthasar,"Alapy, de",
878,Balthasar,"Bachan, de",
879,Balthasar,Bachany,
880,Balthasar,Bachyan,
881,Balthasar,"Bachyan, de",
882,Balthasar,Bathyan,
883,Balthasar,"Bathyan, de",
884,Balthasar,Bathyany,
885,Balthasar,Batthiany,
886,Balthasar,Batthyany,
887,Balthasar,Boynychych,
888,Balthasar,Drenoczy,
889,Balthasar,Gregoryanczy,
890,Balthasar,Herkffy,
891,Balthasar,Hobethych,
892,Balthasar,Hwbethycz,
893,Balthasar,Jwrsincz,
894,Balthasar,Orehoczy,
895,Balthasar,Patachych,
896,Balthasar,Perhath,
897,Balthasar,Prelochky,
898,Balthasar,Schytaroczy,
899,Balthasar,Schytharoczi,
900,Balthasar,Spychko,
901,Balthasar,Sysynachky,
902,Balthasar,Woyffy,
903,Balthasar,Woykffy,
904,Balthasar,Wragowych,
905,Balthasar,Zele,
906,"Balthasar, Dorothea",Orehoczy,
907,Balthasari,,
908,Balthasaris,Bathiani,
909,Balthasarus,,
910,Balthasarus,Alap,
911,Balthasarus,"Alap, de",
912,Balthasarus,Alapi,
913,Balthasarus,Alapy,
914,Balthasarus,Bwdynzky,
915,"Balthasarus, Franciscus","Bathyan, de",
916,Baratus,,
917,Barbara,Allappy,
918,Barbara,Allapy,
919,Barbara,"Mendzenth, de",
920,Barbare,Aytych,
921,Barecko,Drewodelych,
922,Barek,Drewdelich,
923,Bareko,,
924,Bareko,Drewodelych,
925,Barissa,Barthakowycz,
926,Barthal,,
927,Barthol,Wagych,
928,Bartholomeus,,
929,Bartholomeus,"Bucha, de",
930,Bartholomeus,Budachky,
931,Bartholomeus,Bwcha,
932,Bartholomeus,"Bwcha, de",
933,Bartholomeus,Bwdachky,
934,Bartholomeus,Fanchy,
935,Bartholomeus,Gerdossych,
936,Bartholomeus,Gordosych,
937,Bartholomeus,Gredosich,
938,Bartholomeus,"Polyana, de",
939,Bartholomeus,Wagych,
940,Bartholomeus,Wochych,
941,Bartolomeus,Gereczy,
942,Baryssa,Barthakowych,
943,Bathasar,Zele,
944,Bela,,
945,Belkonis,,
946,Benedictus,,
947,Benedictus,Arbanasz,
948,Benedictus,Arbanaz,
949,Benedictus,Bachyan,
950,Benedictus,Bary,
951,Benedictus,Bathyan,
952,Benedictus,"Bathyan, de",
953,Benedictus,Batthyan,
954,Benedictus,Bekoych,
955,Benedictus,Brada,
956,Benedictus,Castellani,
957,Benedictus,Drogh,
958,Benedictus,Dwgh,
959,Benedictus,Fodor,
960,Benedictus,"Fodorowcz, de",
961,Benedictus,Gary,
962,Benedictus,Izdenczy,
963,Benedictus,Kinchtartho,
964,Benedictus,Klobwk,
965,Benedictus,Markowych,
966,Benedictus,Paan,
967,Benedictus,Pethew,
968,Benedictus,Pethew de Gyersse,
969,Benedictus,Pettö,
970,Benedictus,Posych,
971,Benedictus,Powsych,
972,Benedictus,Radkay,
973,Benedictus,Rathkay,
974,Benedictus,Sapharych,
975,Benedictus,Sartoris,
976,Benedictus,Syffar,
977,Benedictus,Thersek,
978,Benedictus,Thoka,
979,Benedictus,Thonsek,
980,Benedictus,Thorsek,
981,Benedictus,Thorstek de Bwkowyna,
982,Benedictus,Thowka,
983,Benedictus,"Thurocz, de",
984,Benedictus,Thwroczy,
985,Benedictus,Tkoka,
986,Benedictus,Twroczy,
987,Benko,Bolthysarych,
988,Benko,Krayach,
989,Berek,Pogledych,
990,Berlek,Pogledych,
991,Bernardin,,
992,Bernardin,Frankopan,
993,Bernardus,,
994,Bernardus,Drwskoczi,
995,Bernardus,Groff,
996,Bernardus,"Megwrechye, de",
997,Bernardus,Pwnek,
998,Bernardus,Roh,
999,Bernardus,Safarych,
1000,Bernardus,"Thurocz, de",
1001,Bernardus,Thuroczy,
1002,Bernardus,"Thwrocz, de",
1003,Bernardus,Thwroczi,
1004,Bernardus,Thwroczy,
1005,Bernardus,Wyrych,
1006,Bernardus* (Benhardi),,
1007,"Bernardus, Gabriel",Thwroczy,
1008,"Bernardus, Stephanus",Drwskoczy,
1009,Blas,Ffyan,
1010,Blasii,Aranyassy,
1011,Blasius,,
1012,Blasius,Aranyassy,
1013,Blasius,Aranyasy,
1014,Blasius,Arky,
1015,Blasius,Banych,
1016,Blasius,Bwdor,
1017,Blasius,Czwerlych,
1018,Blasius,Dyachych,
1019,Blasius,"Ebres, de",
1020,Blasius,"Hrwsowcz, de",
1021,Blasius,Hrwssoczy,
1022,Blasius,Io,
1023,Blasius,Kerpych,
1024,Blasius,Kos,
1025,Blasius,Koskowych,
1026,Blasius,Koskoych,
1027,Blasius,Lahoych,
1028,Blasius,Magnus,
1029,Blasius,Nagh,
1030,Blasius,"Pathak, de",
1031,Blasius,Pogledych,
1032,Blasius,Progh,
1033,Blasius,Progowczy,
1034,Blasius,Rasecz,
1035,Blasius,Rosecz,
1036,Blasius,Rowenschyak,
1037,Blasius,Wogrin,
1038,Blasius,Wogrincz,
1039,Blasius,Zagorcz,
1040,"Blasius, Mathias",Pogledich,
1041,Blasko,,
1042,Blasko,Archy,
1043,Blaskon,,
1044,Blassius,Jo,
1045,Blasy,Koskowych,
1046,Bogdan,Borachky,
1047,Bogdan,Borasti,
1048,Bogdanus,,
1049,Bolt,,
1050,Bolth,,
1051,Bolth,"Schythario, de*",
1052,Bolth (Bolthis),,
1053,Bolti,,
1054,Bosydar,,
1055,Brictius,,
1056,Brictius,(Egerwary*),
1057,Brictus,,
1058,Broz,Zwchych,
1059,Brycus,,
1060,Caspar,,
1061,Caspar,Alappy,
1062,Caspar,Bellyewych,
1063,Caspar,Boynychych,
1064,Caspar,Czyrka,
1065,Caspar,Drwsckowczy,
1066,Caspar,Drwskoczy,
1067,Caspar,Drwskowczy,
1068,Caspar,Dydkowych,
1069,Caspar,Farkassych,
1070,Caspar,Fodroczy,
1071,Caspar,Gotal,
1072,Caspar,Gottal,
1073,Caspar,Grwya,
1074,Caspar,Gwzych,
1075,Caspar,Kwrtych,
1076,Caspar,Lowynchych,
1077,Caspar,Mernyawchych,
1078,Caspar,Modych,
1079,Caspar,Olah,
1080,Caspar,Pethrychewych,
1081,Caspar,Petrychewych*,
1082,Caspar,Prenar,
1083,Caspar,Saffarych,
1084,Caspar,Sysynachky,
1085,Caspar,Wragoych,
1086,Caspar,Zlathynay,
1087,"Caspar, Nicolaus",Zlatinay,
1088,Caspari,Pernyey,
1089,Casparis,Kermchych,
1090,Casparus,Alapy,
1091,Casparus,Belyewych,
1092,Casparus,Borachky,
1093,Casparus,Borochkay,
1094,Casparus,Boynychych,
1095,Casparus,Chasmensis,
1096,Casparus,Czyrka,
1097,Casparus,Dedkowych,
1098,Casparus,Dedkowyth,
1099,Casparus,Druskoczy,
1100,Casparus,Gwszych,
1101,Casparus,Lowynchych,
1102,Casparus,Mernyawchych,
1103,Casparus,Meryawchyk,
1104,Casparus,Modych,
1105,Casparus,Mykulich,
1106,Casparus,Mykwlych,
1107,Casparus,Myrkoczy,
1108,Casparus,Olah,
1109,Casparus,Orehoczy,
1110,Casparus,Pernycy,
1111,Casparus,Saffarycz,
1112,Casparus,Vragoich,
1113,Casparus,Vragoych,
1114,Casparus,Zlathynay,
1115,"Casparus, Ladislaus",Boynychych,
1116,Catharina,,
1117,Catharina,Aythych,
1118,Catharina,Kyssewych,
1119,Catharina,Saffarych,
1120,Catherina,Aythych,
1121,Catherina,Kyssewych,
1122,Catherina,Paxay,
1123,Catherina,Saffarych,
1124,Catherinae,More,
1125,Catherine,More,
1126,Caythan,,
1127,Christoferi,Bedekowych,
1128,Christoferi,Ewrdegh,
1129,Christoferi,Grwbar,
1130,Christoferi,Palffy,
1131,Christoferi,Thompa,
1132,Christoferi,Wragowych,
1133,Christoferi,Wragoych,
1134,Christofor,Nemchych,
1135,Christofor,Wrasych,
1136,Christofori,Kastelanffy,
1137,Christoforus,,
1138,Christoforus,Bedekowych,
1139,Christoforus,Kengyel,
1140,Christoforus,Madaraz,
1141,Christoforus,Praschoczy,
1142,Christoforus,Syssynachky,
1143,Christopheri,,
1144,Christopherus,,
1145,Christopherus,Bedekoich,
1146,Christopherus,Bedekowych,
1147,Christopherus,Borothwa,
1148,Christopherus,Brada,
1149,Christopherus,Ferkuloczy,
1150,Christopherus,Marthynkowych,
1151,Christopherus,Orsych,
1152,Christopherus,Palffy,
1153,Christopherus,Praschoczy,
1154,Christophery,Batthyani,
1155,Christophor,,
1156,Christophor,Borothwa,
1157,Christophorus,,
1158,Christophorus,Bacchani,
1159,Christophorus,Batthyany,
1160,Christophorus,Becowych,
1161,Christophorus,Bedekowich,
1162,Christophorus,Bedekowych,
1163,Christophorus,Bedekowycz,
1164,Christophorus,Bedekoych,
1165,Christophorus,Berowych,
1166,Christophorus,Berowycz,
1167,Christophorus,Berzay,
1168,Christophorus,Berzey,
1169,Christophorus,Borothwa,
1170,Christophorus,Brada,
1171,Christophorus,Bradae,
1172,Christophorus,Byzthryczky,
1173,Christophorus,"Byztra, de",
1174,Christophorus,Byztryczey,
1175,Christophorus,Castellanffy,
1176,Christophorus,Costibol,
1177,Christophorus,Czwethych,
1178,Christophorus,Czwetych,
1179,Christophorus,Dwdich,
1180,Christophorus,Erdewgh,
1181,Christophorus,Ferkwlowczy,
1182,Christophorus,Ferkwlyoczy,
1183,Christophorus,Gruwbar,
1184,Christophorus,Grwbar,
1185,Christophorus,Hathesewych,
1186,Christophorus,Hodkewyth,
1187,Christophorus,Hodkowych,
1188,Christophorus,Hodkoych,
1189,Christophorus,Hothkowych,
1190,Christophorus,Kastellanffy,
1191,Christophorus,Kengel,
1192,Christophorus,Kengyel,
1193,Christophorus,Kerecheny,
1194,Christophorus,Kwnowych,
1195,Christophorus,Lasinger,
1196,Christophorus,Lausyger,
1197,Christophorus,Madaraz,
1198,Christophorus,Martynkoych,
1199,Christophorus,Megywrechey,
1200,Christophorus,Mernyawchych,
1201,Christophorus,Nemchych,
1202,Christophorus,Nemczycz,
1203,Christophorus,Orchych,
1204,Christophorus,Orssych,
1205,Christophorus,Orsych,
1206,Christophorus,Palffy,
1207,Christophorus,Palfy,
1208,Christophorus,Pallfy,
1209,Christophorus,Praschoczy,
1210,Christophorus,Praschowczy,
1211,Christophorus,Praschyoczy,
1212,Christophorus,Syberger,
1213,Christophorus,Syssynachky,
1214,Christophorus,"Syssyncz, de",
1215,Christophorus,Sysynachky,
1216,Christophorus,"Sysyncz, de",
1217,Christophorus,"Sysyncz, de*",
1218,Christophorus,Thompa,
1219,Christophorus,Vragoich,
1220,Christophorus,Wndnod (Wngnad*),
1221,Christophorus,Wngnad,
1222,Christophorus,Wngnod,
1223,Christophorus,Wragowych,
1224,Christophorus,Wragoych,
1225,Christophorus,Zabragy,
1226,"Christophorus, Emericus",Wrasych,
1227,"Christophorus, Melchior",Sysynzky (Sysynachky*),
1228,Chwlyoycza,,
1229,Chychyni,,
1230,Clara,,
1231,Clemens,Dyakoych,
1232,Clement,,
1233,Clement,Ispani,
1234,Clement,Sartoris,
1235,Clement,Span,
1236,Coloman,,
1237,Colomanus,,
1238,Colomanus,Zthobyczay,
1239,Conradus,Aisenport,
1240,Conradus,Aisenporth,
1241,Cosma,,
1242,Cosma,Korenzky,
1243,Cosme,Korenzky,
1244,Cristoff,Nemchych,
1245,Cristofor,Madaraz,
1246,Cristophorus,Hathesewych,
1247,Dancz,,
1248,Daniel,,
1249,David,,
1250,David,Saffarych,
1251,Davidis,,
1252,Davidus,,
1253,Demetrius,,
1254,Demetrius,Spani,
1255,Demetrius,Zenth Iwani,
1256,Detreh,,
1257,Detrici,,
1258,Detrici ?,,
1259,Detricus,,
1260,Detrych,,
1261,Dionisius,,
1262,Dionisius,Blasekowych,
1263,Dionisius,Blasius de Rakytowcz,
1264,Dionisius,Pogledich de Gwilowcz,
1265,"Dionisius, Johannes",Hasady,
1266,Ditricus,,
1267,Dominicus,,
1268,Dominicus,Boldekowych,
1269,Dora,,
1270,Dorka,,
1271,Dorotea,,
1272,Dorothea,,
1273,Dorothea,Capitanffy,
1274,Dorothea,Megywrechey,
1275,Dorothea,Mernyawchych,
1276,Dorothea,"Zelina, de",
1277,Dorothea,Zenth Iwany,
1278,Dorotheae,Mernyawchych,
1279,Dyanek,Magerych,
1280,Effemis,,
1281,Egidius,,
1282,Elena,,
1283,Elena,Francapanis,
1284,Elena,Krayachycza,
1285,Elena,Lawbrycza,
1286,Elena,Rosdy,
1287,Elenae,Benkowych,
1288,Elene,Bernardi,
1289,Elia,Horvath,
1290,Elias,,
1291,Elias,Bosnyak,
1292,Elias,Bosnyak de Bwsyncz,
1293,Elias,"Bwstrych, de",
1294,Emerici,Bradach,
1295,Emericus,,
1296,Emericus,Antholkowych,
1297,Emericus,Bradach,
1298,Emericus,Bradacz,
1299,Emericus,Chybryn,
1300,Emericus,Fanchy,
1301,Emericus,Harsady,
1302,Emericus,Hasadi,
1303,Emericus,Hasady,
1304,Emericus,Hashagy,
1305,Emericus,Hassadi,
1306,Emericus,Hassady,
1307,Emericus,"Hrwsowcz, de",
1308,Emericus,Isthwanfy,
1309,Emericus,Kerhen,
1310,Emericus,Korothnay,
1311,Emericus,Kos,
1312,Emericus,Mosnar,
1313,Emericus,Pepelych,
1314,Emericus,"Peren, de",
1315,Emericus,Popelich,
1316,Emericus,Rwny,
1317,Emericus,"Vinarcz, de",
1318,Emerik,,
1319,Fabian,,
1320,Fabiani,Skropylowych,
1321,Fabianus,,
1322,Fabianus,Pethrychkowych,
1323,Fabianus,Pethrychkoych,
1324,Fabianus,Petrychkowych,
1325,Fabianus,Poszennyak,
1326,Fabianus,Poszenyak,
1327,Fabianus,Pozenyak,
1328,Fabianus,Skrapylowych,
1329,Fabianus,Skropylowych,
1330,Fabianus,Skropyloych,
1331,"Fabianus, Anadreas",Tretynyak,
1332,Fabyan,,
1333,Farkas,,
1334,Feliciani,Sueher,
1335,Felicianus,Spychko,
1336,Felicianus,Zwhar,
1337,Ferdinandus,Herkfy,
1338,Filippi,,
1339,Foeliciani,Sucher,
1340,Foelicianus,Spychko,
1341,Francisci,Pezery,
1342,Franciscus,,
1343,Franciscus,Aythych,
1344,Franciscus,Aytych,
1345,Franciscus,"Bablyak, de",
1346,Franciscus,Banffy,
1347,Franciscus,Banfy,
1348,Franciscus,Batiany,
1349,Franciscus,Batthyany,
1350,Franciscus,Battyany,
1351,Franciscus,Begy,
1352,Franciscus,Bekowych,
1353,Franciscus,Berizlo,
1354,Franciscus,Beryzlo,
1355,Franciscus,Bochkay,
1356,Franciscus,Borothwa,
1357,Franciscus,Brodarych,
1358,Franciscus,Czwethnych,
1359,Franciscus,Dragach,
1360,Franciscus,Dragas,
1361,Franciscus,Erdewgh,
1362,Franciscus,Facher,
1363,Franciscus,Feyerwary,
1364,Franciscus,Franye,
1365,Franciscus,Gereczy,
1366,Franciscus,Gezthi,
1367,Franciscus,Gezthy,
1368,Franciscus,Gezti,
1369,Franciscus,Gezty,
1370,Franciscus,Goworkowych,
1371,Franciscus,Goworokoych,
1372,Franciscus,Gregoroczi,
1373,Franciscus,Greguroczy,
1374,Franciscus,Hassaghy,
1375,Franciscus,Hassagy,
1376,Franciscus,"Hathko, de",
1377,Franciscus,Herendych,
1378,Franciscus,Imprych,
1379,Franciscus,Isachych,
1380,Franciscus,Isthwanfy,
1381,Franciscus,"Kamenye, sub",
1382,Franciscus,Keccher,
1383,Franciscus,Kecczer,
1384,Franciscus,Kecher,
1385,Franciscus,Keczer,
1386,Franciscus,Komornyk,
1387,Franciscus,"Kozthanyowcz, de",
1388,Franciscus,Kwzther,
1389,Franciscus,Martynkoych,
1390,Franciscus,Mathkowych,
1391,Franciscus,Matthkouich,
1392,Franciscus,Matthkowych,
1393,Franciscus,Menyanchych,
1394,Franciscus,Mernawchych,
1395,Franciscus,Mernyawchich,
1396,Franciscus,Mernyawchych,
1397,Franciscus,More,
1398,Franciscus,Mykulich,
1399,Franciscus,Mykwlych,
1400,Franciscus,Myndczenthy,
1401,Franciscus,Nelepechy (familiaris domini bani),
1402,Franciscus,Nowak,
1403,Franciscus,Orehoczy,
1404,Franciscus,"Orthonowcz, de",
1405,Franciscus,Osthy,
1406,Franciscus,Pan,
1407,Franciscus,Peker,
1408,Franciscus,Pekry,
1409,Franciscus,Perhathych,
1410,Franciscus,Perhatich,
1411,Franciscus,Perhatth,
1412,Franciscus,Peszeri,
1413,Franciscus,Pethew,
1414,Franciscus,Pewkry,
1415,Franciscus,Pezery,
1416,Franciscus,Prodarych,
1417,Franciscus,Pwhakoczy,
1418,Franciscus,"Rawen, de",
1419,Franciscus,Regii,
1420,Franciscus,Sarkan,
1421,Franciscus,Sicula,
1422,Franciscus,Spissych,
1423,Franciscus,Spychych,
1424,Franciscus,Spyranchych,
1425,Franciscus,Spyryanchych,
1426,Franciscus,Spyssych,
1427,Franciscus,Spysych,
1428,Franciscus,Supanych,
1429,Franciscus,Tahi,
1430,Franciscus,Tahy,
1431,Franciscus,Thahy,
1432,Franciscus,Thompa,
1433,Franciscus,Thowka,
1434,Franciscus,Veres,
1435,Franciscus,Weres,
1436,Franciscus,Wytez,
1437,Franciscus,Wythez,
1438,Franciscus,Zaboky,
1439,Franciscus,Zalai,
1440,Franciscus,"Zemche, de",
1441,Franciscus,Zluny,
1442,Franciscus,"Zthobycza, de",
1443,Franciscus,Ztholnykowych,
1444,Franciscus,Ztolnykowych,
1445,Franciscus,Ztolnykoych,
1446,Franciscus,de Gezth,
1447,"Franciscus, Johannes",Gregorowczy,
1448,"Franciscus, Paulus",Isthwanfy,
1449,Francisi,Rawony,
1450,Franco,,
1451,Franiciscus,Pezery,
1452,Frusina,,
1453,Gabriel,,
1454,Gabriel,Drobak,
1455,Gabriel,Krysanych,
1456,Gabriel,Nerak,
1457,Gabriel,Oros,
1458,Gabriel,Orros,
1459,Gabriel,Petheo,
1460,Gabriel,Thuoroczy,
1461,Gabriel,Thuroczy,
1462,Gabriel,Thwroczi,
1463,Gabriel,Thwroczy,
1464,Gabriel,Turoczy,
1465,Gabriel,Ztrezoye,
1466,Gabriel,Ztryzoy,
1467,Gabriel,Ztryzoye,
1468,"Gabriel, Johannes",Tahy,
1469,Gabrielis,,
1470,Gabrielis,Hassagy,
1471,Gabrielis,Krysanych,
1472,Gabrielis,Orehowczy,
1473,Gabrielis,Orros,
1474,Gabrielis,Thwroczy,
1475,Gabrielis,Ztrezoye,
1476,Galius,,
1477,Gallus,,
1478,Gallus,Bexych,
1479,Gallus,Horwath,
1480,Gallus,Nagh,
1481,Garazda,,
1482,Gaspar,,
1483,Gaspar,Barthakowych,
1484,Gaspar,Barthakoych,
1485,Gaspar,Bobynacz,
1486,Gaspar,Borachky,
1487,Gaspar,Borothwa,
1488,Gaspar,Boynychych,
1489,Gaspar,Chasmensis,
1490,Gaspar,Czyrka,
1491,Gaspar,Dedkowych,
1492,Gaspar,Draskowytth,
1493,Gaspar,Drwskoczy,
1494,Gaspar,Farkassych,
1495,Gaspar,Fodroczy,
1496,Gaspar,Gotal,
1497,Gaspar,Gothal,
1498,Gaspar,Gottal,
1499,Gaspar,Gotthal,
1500,Gaspar,Guzych,
1501,Gaspar,Gwzych,
1502,Gaspar,Kasnar,
1503,Gaspar,Kysewich,
1504,Gaspar,Kyssewych,
1505,Gaspar,Mernyawchych,
1506,Gaspar,Modych,
1507,Gaspar,Mykwlych,
1508,Gaspar,Oblak,
1509,Gaspar,Olah,
1510,Gaspar,Orehoczy,
1511,Gaspar,Oskoczy,
1512,Gaspar,Oskowczy,
1513,Gaspar,Petrycheych,
1514,Gaspar,Rysewych,
1515,Gaspar,Safarych,
1516,Gaspar,Saffarych,
1517,Gaspar,Somgorych,
1518,Gaspar,Sygmundich,
1519,Gaspar,Syssynachky,
1520,Gaspar,Wragoych,
1521,Gaspar,Zaboky,
1522,Gaspar),,
1523,"Gaspar, Michael",Jambrekowych,
1524,Gasparus,,
1525,Gasparus,Alapy,
1526,Gasparus,Bartakowych,
1527,Gasparus,Barthkoych,
1528,Gasparus,Bobynacz,
1529,Gasparus,Borathky,
1530,Gasparus,Boynychych,
1531,Gasparus,Byzthrychky,
1532,Gasparus,Chasmensis,
1533,Gasparus,Clobwk,
1534,Gasparus,Czyrka,
1535,Gasparus,Dedkowych,
1536,Gasparus,Draskovich,
1537,Gasparus,Drobythel,
1538,Gasparus,Drwskoczy,
1539,Gasparus,Gotall,
1540,Gasparus,Gwzych,
1541,Gasparus,Gwzycz,
1542,Gasparus,Horsorwzky,
1543,Gasparus,Hwzar,
1544,Gasparus,Kasnar,
1545,Gasparus,Kermchych,
1546,Gasparus,Krysthal,
1547,Gasparus,Kyssewych,
1548,Gasparus,Lowynchych,
1549,Gasparus,Medossoczy,
1550,Gasparus,Mernyawchych,
1551,Gasparus,Modych,
1552,Gasparus,Mykwlych,
1553,Gasparus,Olah,
1554,Gasparus,Orehoczy,
1555,Gasparus,Oskoczy,
1556,Gasparus,Prenar,
1557,Gasparus,"Prezechnafew, de",
1558,Gasparus,Saffarych,
1559,Gasparus,Songorych,
1560,Gasparus,Spanich,
1561,Gasparus,Spanych,
1562,Gasparus,Thassolczy,
1563,Gasparus,Vythez,
1564,Gasparus,Wragowych,
1565,Gasparus,Wytez,
1566,Gasparus,Zaboky,
1567,Gasparus,Zgwrych,
1568,Georgius,,
1569,Georgius,Ablancz,
1570,Georgius,Ablancza,
1571,Georgius,Ablancza de Mendzenth,
1572,Georgius,Apalenych,
1573,Georgius,Aranyassy,
1574,Georgius,Arbanaz,
1575,Georgius,Aurifabri,
1576,Georgius,Baldakowych,
1577,Georgius,Banry,
1578,Georgius,Barbarych,
1579,Georgius,Barberych,
1580,Georgius,Bary,
1581,Georgius,Bathor,
1582,Georgius,"Bathor, de",
1583,Georgius,Bathori,
1584,Georgius,Bathory,
1585,Georgius,Bathory G.,
1586,Georgius,Baxay,
1587,Georgius,Bekovych,
1588,Georgius,Bekowych,
1589,Georgius,Bekoych,
1590,Georgius,Belawarczy,
1591,Georgius,Belowarczy,
1592,Georgius,Benkowych,
1593,Georgius,Benkoych,
1594,Georgius,Beryzlawych,
1595,Georgius,Boboychych,
1596,Georgius,Bochkay,
1597,Georgius,Bogach,
1598,Georgius,Bonthusowczy,
1599,Georgius,Boros,
1600,Georgius,Borothwa,
1601,Georgius,Boruthua,
1602,Georgius,Boruthwa,
1603,Georgius,Bosyak,
1604,Georgius,Bradach,
1605,Georgius,Brumani,
1606,Georgius,Brumanni,
1607,Georgius,Budachky,
1608,Georgius,Bussey,
1609,Georgius,Bwdachky,
1610,Georgius,Byssey,
1611,Georgius,Capithanfyw,
1612,Georgius,Castellan,
1613,Georgius,Castellan de Bykzad,
1614,Georgius,Castellanffy,
1615,Georgius,Castellanffy de Bigzad,
1616,Georgius,Castellanffyw,
1617,Georgius,Castellanfy,
1618,Georgius,Castellanfyw,
1619,Georgius,Castellani,
1620,Georgius,Chapalowczy,
1621,Georgius,Chapez,
1622,Georgius,Chastellanfy,
1623,Georgius,Chygan,
1624,Georgius,Chyrka,
1625,Georgius,Cwffy,
1626,Georgius,Cycynai,
1627,Georgius,Cygan,
1628,Georgius,Czeboczy,
1629,Georgius,Czebouechky,
1630,Georgius,Czebowechky,
1631,Georgius,Czyrka,
1632,Georgius,Dobychak,
1633,Georgius,Dolanzky,
1634,Georgius,Dolyanzky,
1635,Georgius,Draskowych,
1636,Georgius,Drašković*,
1637,Georgius,Dwbychak,
1638,Georgius,Dwornychych,
1639,Georgius,Dyacowechky,
1640,Georgius,Dyakoy,
1641,Georgius,Dyakoych,
1642,Georgius,Dyhanowych,
1643,Georgius,"Erwencze, de",
1644,Georgius,Fachar,
1645,Georgius,Fachyar,
1646,Georgius,Farkasych,
1647,Georgius,Farkossych ad Stenysnyak,
1648,Georgius,Fathwrin,
1649,Georgius,Fodoroczy,
1650,Georgius,Franczekoych,
1651,Georgius,Fwmych,
1652,Georgius,Fyksarych,
1653,Georgius,Fynthych,
1654,Georgius,Fynthycz,
1655,Georgius,Fyntych,
1656,Georgius,Gerdasycz,
1657,Georgius,Gerdosych,
1658,Georgius,Gholecz,
1659,Georgius,Glagolytha,
1660,Georgius,Glawach,
1661,Georgius,Glawach Skarycza,
1662,Georgius,"Globochecz, de",
1663,Georgius,Gordezycz,
1664,Georgius,"Graberyancz, de",
1665,Georgius,Gradeczy de Sabnycza Zenth Iwan,
1666,Georgius,Gregith,
1667,Georgius,Grekoich,
1668,Georgius,Grexych,
1669,Georgius,Grof,
1670,Georgius,Gubascozy,
1671,Georgius,Guzarich,
1672,Georgius,Gwbassoczy,
1673,Georgius,Gwzych,
1674,Georgius,Gywrekoych,
1675,Georgius,Hambarych,
1676,Georgius,Herkffy,
1677,Georgius,Herkfy,
1678,Georgius,Herkowych,
1679,Georgius,Herkoych,
1680,Georgius,Homzky,
1681,Georgius,Horvath,
1682,Georgius,Horwath,
1683,Georgius,Hrelacz,
1684,Georgius,Hrussoczy,
1685,Georgius,Hwzarczy,
1686,Georgius,Isachych,
1687,Georgius,Ispani,
1688,Georgius,Iwanuschych,
1689,Georgius,Iwanustheich de Sabnycza Zenth Iwan,
1690,Georgius,Jambrekovich,
1691,Georgius,Jambrekowych,
1692,Georgius,Jambrekoych,
1693,Georgius,Janbrekowych,
1694,Georgius,Jankowych,
1695,Georgius,Kalmanych,
1696,Georgius,"Kalyn, de",
1697,Georgius,Kanysa,
1698,Georgius,"Kanysa, de",
1699,Georgius,"Kanyssa, de",
1700,Georgius,Kanyssay,
1701,Georgius,Kaychych,
1702,Georgius,Kerechen,
1703,Georgius,Kerekes,
1704,Georgius,Kerhen,
1705,Georgius,Kermchych,
1706,Georgius,Kersar,
1707,Georgius,Kerzthol,
1708,Georgius,Kesser,
1709,Georgius,Konzky,
1710,Georgius,Kooz,
1711,Georgius,Korenyaki,
1712,Georgius,Korenyaky,
1713,Georgius,"Koruska, de",
1714,Georgius,Kos,
1715,Georgius,Koz,
1716,Georgius,Krayachych,
1717,Georgius,Krayssych,
1718,Georgius,Kraysych,
1719,Georgius,Kwskoczy,
1720,Georgius,Kwzol,
1721,Georgius,Labas,
1722,Georgius,Laczkowich,
1723,Georgius,Laczkowych,
1724,Georgius,Ladomer,
1725,Georgius,Lenardych,
1726,Georgius,Madaraz,
1727,Georgius,Magdalenych,
1728,Georgius,Markowych,
1729,Georgius,Martinkoych,
1730,Georgius,Medosewecz,
1731,Georgius,Medossewacz,
1732,Georgius,Medossewcz,
1733,Georgius,Medossewecz,
1734,Georgius,Mehanowych,
1735,Georgius,Mendzenthy,
1736,Georgius,Mernyawchych,
1737,Georgius,Merzyni,
1738,Georgius,Michaelych,
1739,Georgius,Mihanowich,
1740,Georgius,Mihanowych,
1741,Georgius,Mihanowycz,
1742,Georgius,Mikulasych,
1743,Georgius,Mikwlasych,
1744,Georgius,Mindzenthy,
1745,Georgius,Mlynchych,
1746,Georgius,More,
1747,Georgius,Muksych,
1748,Georgius,Mychanowych,
1749,Georgius,Mychanoyych,
1750,Georgius,Myclas,
1751,Georgius,Myhanovych,
1752,Georgius,Myhanowych,
1753,Georgius,Myhanoych,
1754,Georgius,Mykssych,
1755,Georgius,Myksych,
1756,Georgius,Mykulas,
1757,Georgius,Mykulych,
1758,Georgius,Mykwlassych,
1759,Georgius,Mykwlasych,
1760,Georgius,Mykwlazych,
1761,Georgius,Mykwlych,
1762,Georgius,Mykwlyth,
1763,Georgius,Myndczenthy,
1764,Georgius,Myndthenthy,
1765,Georgius,"Myndzenth, de",
1766,Georgius,Myndzenthy,
1767,Georgius,Myndzentthy,
1768,Georgius,Myndzenty,
1769,Georgius,Myslenowych,
1770,Georgius,Myslyenowych,
1771,Georgius,Myxych,
1772,Georgius,Nagh,
1773,Georgius,Nemchych,
1774,Georgius,"Orehovcz, de",
1775,Georgius,Orgowan,
1776,Georgius,Palffy,
1777,Georgius,Palycza,
1778,Georgius,Pasa,
1779,Georgius,Pascha,
1780,Georgius,Paska,
1781,Georgius,Pathaky,
1782,Georgius,Pazka,
1783,Georgius,Pechy,
1784,Georgius,Perhant,
1785,Georgius,"Pesthenye, de",
1786,Georgius,Polychanyn,
1787,Georgius,Popowych,
1788,Georgius,Porkolab,
1789,Georgius,Praschoczy,
1790,Georgius,"Prasthyowcz, de",
1791,Georgius,Prazecz,
1792,Georgius,Prenar,
1793,Georgius,Prennar,
1794,Georgius,Puczych,
1795,Georgius,Punek,
1796,Georgius,Pwchych,
1797,Georgius,Pwczych,
1798,Georgius,Pwnek,
1799,Georgius,Rachych,
1800,Georgius,Radovich,
1801,Georgius,Radowych,
1802,Georgius,Raskay,
1803,Georgius,Repych,
1804,Georgius,Safarich,
1805,Georgius,Safarych,
1806,Georgius,Saffar,
1807,Georgius,Saffarych,
1808,Georgius,Saffranych,
1809,Georgius,Sapharych,
1810,Georgius,Saronych,
1811,Georgius,Sartor,
1812,Georgius,Sartoris,
1813,Georgius,Sasthych,
1814,Georgius,Schapecz,
1815,Georgius,"Schitaryewo, de",
1816,Georgius,Sebastianych,
1817,Georgius,Sebastyanych,
1818,Georgius,Sebetyanych,
1819,Georgius,Semoczy,
1820,Georgius,Semowczy,
1821,Georgius,Semozcy,
1822,Georgius,Simon,
1823,Georgius,Simonffy,
1824,Georgius,Simonfy,
1825,Georgius,Skarycza,
1826,Georgius,Smekych,
1827,Georgius,Sphan,
1828,Georgius,Spiranchych,
1829,Georgius,Spychko,
1830,Georgius,Spychkonis,
1831,Georgius,Spyranchych,
1832,Georgius,Spyrancz,
1833,Georgius,Spyryanchych,
1834,Georgius,Sthressemlyey,
1835,Georgius,Strassemlyey,
1836,Georgius,Strychko,
1837,Georgius,Suffa,
1838,Georgius,Supanych,
1839,Georgius,Suppan,
1840,Georgius,Suppanych,
1841,Georgius,Swasthych,
1842,Georgius,Swazthwych,
1843,Georgius,Swazthych,
1844,Georgius,Swaztowych,
1845,Georgius,Swnych,
1846,Georgius,Swpanych,
1847,Georgius,Swpanych*,
1848,Georgius,Swppanych,
1849,Georgius,Swsichych,
1850,Georgius,Symonffy,
1851,Georgius,Symonfy,
1852,Georgius,Symwnowych,
1853,Georgius,Tergowchych,
1854,Georgius,Therbych,
1855,Georgius,Therek,
1856,Georgius,Thomasowych,
1857,Georgius,Thomaszowych,
1858,Georgius,Thwrchych,
1859,Georgius,Tomazowych,
1860,Georgius,"Vwnthwsowcz, de (Bonthwsowcz*)",
1861,Georgius,Was,
1862,Georgius,Wgrynonych,
1863,Georgius,Wogrynowych,
1864,Georgius,Worlanchych,
1865,Georgius,Woyffy,
1866,Georgius,Woykffy,
1867,Georgius,Wragoych,
1868,Georgius,Wzak,
1869,Georgius,Wzdar,
1870,Georgius,Zaboky,
1871,Georgius,Zalathnoky,
1872,Georgius,Zalay,
1873,Georgius,Zamowoyzka,
1874,Georgius,Zapchych,
1875,Georgius,Zapshych,
1876,Georgius,Zekel,
1877,Georgius,Zekyra,
1878,Georgius,"Zemche, de",
1879,Georgius,Zerechen,
1880,Georgius,Zgwrych,
1881,Georgius,Zlawkoych,
1882,Georgius,Zmolkowych,
1883,Georgius,Zmolkoych,
1884,Georgius,Zowynowych,
1885,Georgius,Ztepanych,
1886,Georgius,Ztephanych,
1887,Georgius,Zthobyczay,
1888,Georgius,Zthryczkowych,
1889,Georgius,Zthubiczay,
1890,Georgius,Zthwbyczay,
1891,Georgius,Zthwbyczay de Prezeka,
1892,Georgius,Zthynoych,
1893,Georgius,Ztobyczay,
1894,Georgius,Ztrychkoych,
1895,Georgius,Zykrowych,
1896,Georgius,Zylich,
1897,Georgius alterius,,
1898,"Georgius, Benedictus",Myxych,
1899,"Georgius, Caspar, Blaisus, Sebastianus",Sebastyanych,
1900,"Georgius, Gregorius, Thomas, Paulus, Andreas",Zawersky aliter Kozly,
1901,"Georgius, Jacobus",Czeboczy,
1902,"Georgius, Johannes",Fachar,
1903,"Georgius, Johannes",Nenadych,
1904,"Georgius, Johannes",Swppanych,
1905,"Georgius, Martinus, Petrus",Belyewych,
1906,"Georgius, Mathias",Fodoroczy,
1907,"Georgius, Michael",Pepelych,
1908,"Georgius, Michael","Schytharyewo, de",
1909,"Georgius, Michael",Ztepanych,
1910,"Georgius, Moises",Homzky,
1911,"Georgius, Stephanus",Wgrynowych,
1912,Georgy,Homzky,
1913,Georius,Wythez,
1914,Gergurus,,
1915,Ghothal,,
1916,Gregorius,,
1917,Gregorius,Baldakowych,
1918,Gregorius,Barbelich,
1919,Gregorius,Barber,
1920,Gregorius,Barilouych,
1921,Gregorius,Bary,
1922,Gregorius,Barylowych,
1923,Gregorius,Bosak,
1924,Gregorius,Bosyak,
1925,Gregorius,Bradach,
1926,Gregorius,Bradacz,
1927,Gregorius,Bradacz*,
1928,Gregorius,Bwzyakowych,
1929,Gregorius,Casprynych,
1930,Gregorius,Castellanffy,
1931,Gregorius,Chwnchych,
1932,Gregorius,Chwnthych,
1933,Gregorius,"Cowppa, de",
1934,Gregorius,Cristal,
1935,Gregorius,"Czemerye, de",
1936,Gregorius,Czwethko,
1937,Gregorius,Dyhanowych,
1938,Gregorius,Fagnen,
1939,Gregorius,Gasparynych,
1940,Gregorius,Gregoryanczy,
1941,Gregorius,Gwbasoczy,
1942,Gregorius,Gywrekowych,
1943,Gregorius,Gywrekoych,
1944,Gregorius,Horwath,
1945,Gregorius,Hungarus de Wyzoka,
1946,Gregorius,Labohar,
1947,Gregorius,Laboher,
1948,Gregorius,Laczkowych,
1949,Gregorius,Laczkoych,
1950,Gregorius,Ladomer,
1951,Gregorius,Lyzychych,
1952,Gregorius,Markfy,
1953,Gregorius,Medossewacz,
1954,Gregorius,Mihanowych,
1955,Gregorius,Mlynchych,
1956,Gregorius,Myndsenthy,
1957,Gregorius,Myndzenthi,
1958,Gregorius,Myndzenthy,
1959,Gregorius,Myndzenty,
1960,Gregorius,Myndzethy,
1961,Gregorius,Nasmanych,
1962,Gregorius,Nemchych,
1963,Gregorius,Nenadych,
1964,Gregorius,Palfy,
1965,Gregorius,Pawliskyn,
1966,Gregorius,Pawlowych,
1967,Gregorius,Pawlychkyn,
1968,Gregorius,Pawlynowych,
1969,Gregorius,Pepelich de Lokawcz,
1970,Gregorius,Pepelych,
1971,Gregorius,Puchycz,
1972,Gregorius,Pwnek,
1973,Gregorius,Saronych,
1974,Gregorius,Sartor,
1975,Gregorius,Swgnethych,
1976,Gregorius,Swgnetych,
1977,Gregorius,Swkchych,
1978,Gregorius,Thoplyczay,
1979,Gregorius,Werroczy,
1980,Gregorius,Wgronffy,
1981,Gregorius,Wgroni,
1982,Gregorius,Wgryn,
1983,Gregorius,Wragothoych,
1984,Gregorius,Wragowych,
1985,Gregorius,Wragoych,
1986,Gregorius,"Wrnowcz, de",
1987,Gregorius,Wzak,
1988,Gregorius,Zekyra,
1989,Gregorius,Zikyra,
1990,Gregorius,Zlawkowych,
1991,Gregorius,Ztasmanych,
1992,Gregorius,Ztubyczay,
1993,"Gregorius, Christophorus",Petheo,
1994,"Gregorius, Johannes, Franciscus",Semoczy,
1995,"Gregorius, Mathias",Wagathowych,
1996,Grexych,Wlyak,
1997,"Grorgius, Balthasar",Bosnyak,
1998,Gwrko,,
1999,Gywrko,"Patak, de",
2000,Gywro,Wayde,
2001,Hadar,,
2002,Hampo,,
2003,Hampon,,
2004,Hampon,"Caproncza, ad",
2005,Hans,,
2006,Hans,Susthych,
2007,Hans*,,
2008,Helena,,
2009,Helena,Antholkouych,
2010,Helena,Benkowych,
2011,Helenae,Benkoich,
2012,Helenae,Benkoych,
2013,Helizabeth,,
2014,Hester,Berzay,
2015,Hinco,,
2016,Ilia,,
2017,Ilka,Gopa,
2018,Ilka,Zopa,
2019,Ivan,Groff,
2020,Iwan,,
2021,Iwan,Groff,
2022,Iwan,Magdalenych,
2023,Iwan,Mykwlych,
2024,Iwan,Prozenyak,
2025,Iwan,Sabarych,
2026,Iwan,Zowynowych,
2027,Iwanecz,Bokaych,
2028,Iwani,,
2029,Iwani,Magdalenych,
2030,Iwani,Wagathoych,
2031,Iwycza,,
2032,Iwycza,Hrwssoczy,
2033,Iwycza,Ztrezoya,
2034,"Iwycza, Michael",Hrwssoczy,
2035,Iwycze,,
2036,Iwycze,Ztrezoya,
2037,Jacob,Banffy,
2038,Jacob,Banfy,
2039,Jacobi,Derpych,
2040,Jacobi,Pogledych,
2041,Jacobus,,
2042,Jacobus,Derpych,
2043,Jacobus,Pogledich,
2044,Jacobus,Pogledych,
2045,Jacobus,Pogledych de Korylowecz,
2046,Jacobus,Tharnoczy,
2047,Jacobus,Thernoczy,
2048,Jacobus,Zekel,
2049,Jacobus,Zekell,
2050,Jambrek,Mwzzarych,
2051,Jana,,
2052,Jane,,
2053,Janko,,
2054,Janko,Cheh,
2055,Janko,Dwdych,
2056,Janko,Jelenchych,
2057,Janko,"Prebych, de",
2058,"Janko, Bartholomeus",Dragwnych,
2059,Jankon,,
2060,Jankon,Dwdych,
2061,Jankon,Fanchy,
2062,Jankonis,,
2063,Jankonis,Fanchy,
2064,Jarkon,,
2065,Joannes,,
2066,Joannes,Arky,
2067,Joannes,Berzay,
2068,Joannes,Borothwa,
2069,Joannes,Gottal,
2070,Joannes,Keczer,
2071,Joannes,Parys,
2072,Joannes,Pezery,
2073,Joannes,Pogledych,
2074,Joannes,Prenar,
2075,Joannes,Swppanich,
2076,Joannes,Ztobyczay,
2077,Joanni,Hrwssoczy,
2078,Johannes,,
2079,Johannes,Alapi,
2080,Johannes,Alapy,
2081,Johannes,Alexandrycza,
2082,Johannes,Allapi,
2083,Johannes,Allapy,
2084,Johannes,Arbanas,
2085,Johannes,Arbanaz,
2086,Johannes,Arkhy,
2087,Johannes,Arky,
2088,Johannes,Aythych,
2089,Johannes,Ayttych,
2090,Johannes,Aytych,
2091,Johannes,Bakaych,
2092,Johannes,Bakssay,
2093,Johannes,Bakych,
2094,Johannes,Balthasar,
2095,Johannes,Banffy,
2096,Johannes,Banfy,
2097,Johannes,Baxay,
2098,Johannes,Bebelych,
2099,Johannes,Belefy,
2100,Johannes,Belesy,
2101,Johannes,Belewych,
2102,Johannes,Beleyewych,
2103,Johannes,Belouarczy,
2104,Johannes,Belowarczy,
2105,Johannes,Bendicaych,
2106,Johannes,Benschak,
2107,Johannes,Berizlawych,
2108,Johannes,Bersych,
2109,Johannes,Beryzlawych,
2110,Johannes,Berzay,
2111,Johannes,Berze,
2112,Johannes,Blagonia,
2113,Johannes,Blagonya,
2114,Johannes,Bochkay,
2115,Johannes,Bokaych,
2116,Johannes,Bolowarczki,
2117,Johannes,Bolthisarych,
2118,Johannes,Bornemyzya,
2119,Johannes,Borothwa,
2120,Johannes,Borothwa (loco Petherchych),
2121,Johannes,Borotthwa,
2122,Johannes,Boruthua,
2123,Johannes,Boruthwa,
2124,Johannes,Bosak,
2125,Johannes,Bothysarych,
2126,Johannes,Boynychich,
2127,Johannes,Boynychych,
2128,Johannes,Brada,
2129,Johannes,Bradach,
2130,Johannes,Bradacz,
2131,Johannes,Brezych,
2132,Johannes,Bubanycz,
2133,Johannes,Bwdachky,
2134,Johannes,Bwdor,
2135,Johannes,Bylethych,
2136,Johannes,Byletych,
2137,Johannes,Byztrychky,
2138,Johannes,Candalych,
2139,Johannes,Castellanffy,
2140,Johannes,Castellanffy*,
2141,Johannes,Chadnych,
2142,Johannes,Chakowecz,
2143,Johannes,Chernkoczy,
2144,Johannes,"Chernkowcz, de",
2145,Johannes,Chesmichei,
2146,Johannes,Chesmiczei,
2147,Johannes,Chesmiczey,
2148,Johannes,"Chesmyche, de",
2149,Johannes,Chesmychey,
2150,Johannes,Chesmycze,
2151,Johannes,"Chezmicze, de",
2152,Johannes,Chezmiczey,
2153,Johannes,Chezmyczey,
2154,Johannes,Chuttor,
2155,Johannes,Chwthor,
2156,Johannes,Copsynchy,
2157,Johannes,"Coznycza, de",
2158,Johannes,Cyganich,
2159,Johannes,Czeboczy,
2160,Johannes,Czyganych,
2161,Johannes,Darabos,
2162,Johannes,Delghy,
2163,Johannes,Dobrokochay,
2164,Johannes,Draganych,
2165,Johannes,Dragwnych,
2166,Johannes,Dragwssych,
2167,Johannes,Dragwsthych,
2168,Johannes,Dragysych,
2169,Johannes,Draskouych,
2170,Johannes,Draskowych,
2171,Johannes,Drenowachky,
2172,Johannes,Drobachych,
2173,Johannes,Drobitel,
2174,Johannes,Drobithel,
2175,Johannes,Drobochych,
2176,Johannes,Drobythel,
2177,Johannes,Dwdych,
2178,Johannes,Dwgy,
2179,Johannes,Ernusth de Chaktornia,
2180,Johannes,Ernwsth,
2181,Johannes,Erwenchy,
2182,Johannes,Erwenczey,
2183,Johannes,Ezeri,
2184,Johannes,Fanchy,
2185,Johannes,Fekethe,
2186,Johannes,Fforchych,
2187,Johannes,Forchych,
2188,Johannes,Fychhoor,
2189,Johannes,Fychor,
2190,Johannes,Fychywr,
2191,Johannes,Gerbawchecz,
2192,Johannes,Gerbawech,
2193,Johannes,Gerebeni,
2194,Johannes,Gezthi,
2195,Johannes,Gezthy,
2196,Johannes,Gezty,
2197,Johannes,Globyczer,
2198,Johannes,Glwlay,
2199,Johannes,Golecz,
2200,Johannes,Gombethych,
2201,Johannes,Gorychay,
2202,Johannes,Goryczay,
2203,Johannes,Gothal,
2204,Johannes,Gothalowch,
2205,Johannes,Gottal,
2206,Johannes,Gotthal,
2207,Johannes,Gozthy,
2208,Johannes,Gradechy,
2209,Johannes,Gradeni,
2210,Johannes,Grebenney,
2211,Johannes,Gregoroczy,
2212,Johannes,Gregorowczy,
2213,Johannes,Greguroczy,
2214,Johannes,Gregwroczy,
2215,Johannes,Gwbasoczy,
2216,Johannes,Gwbassoczy,
2217,Johannes,Gwdeczy,
2218,Johannes,Gwlay,
2219,Johannes,Gwych,
2220,Johannes,"Gywla, de",
2221,Johannes,Gywlay,
2222,Johannes,Halych Halews,
2223,Johannes,Hasadi,
2224,Johannes,Hasady,
2225,Johannes,Hassadi,
2226,Johannes,Hassady,
2227,Johannes,Hassaghy,
2228,Johannes,Hegen,
2229,Johannes,Henyk,
2230,Johannes,Herendych,
2231,Johannes,Herkffy,
2232,Johannes,Herkfy,
2233,Johannes,Hobethych,
2234,Johannes,"Hom, de",
2235,Johannes,Homzky,
2236,Johannes,Horwath,
2237,Johannes,Hozywfalway,
2238,Johannes,"Hrasthyan, de",
2239,Johannes,Hrussoczy,
2240,Johannes,Hrwssoczy,
2241,Johannes,Hrwssowczy*,
2242,Johannes,Huzar,
2243,Johannes,Hwzar,
2244,Johannes,Hwzarczy,
2245,Johannes,Imbrych,
2246,Johannes,Imprych,
2247,Johannes,Io,
2248,Johannes,Isthwanfy,
2249,Johannes,Istwanffy,
2250,Johannes,Jo,
2251,Johannes,Jossus,
2252,Johannes,Kamarcza,
2253,Johannes,Kandalych,
2254,Johannes,Kapythanfy,
2255,Johannes,Karynchich,
2256,Johannes,Karynchych,
2257,Johannes,Kasnar,
2258,Johannes,Kassnar,
2259,Johannes,Kaychych,
2260,Johannes,Keczer,
2261,Johannes,Kelemynchich,
2262,Johannes,Kiis,
2263,Johannes,Kooz,
2264,Johannes,Kopinzky,
2265,Johannes,Kopynchy,
2266,Johannes,Kopynczy,
2267,Johannes,Kopynzky,
2268,Johannes,Korenyaky,
2269,Johannes,Kossych,
2270,Johannes,Kowachich,
2271,Johannes,Kowachych,
2272,Johannes,Koz,
2273,Johannes,Kozowcz,
2274,Johannes,Kozowczy,
2275,Johannes,Kozowecz,
2276,Johannes,Krayachych,
2277,Johannes,Krehnytych,
2278,Johannes,Krisanich,
2279,Johannes,Krupchych,
2280,Johannes,Krupniczy,
2281,Johannes,Krupych,
2282,Johannes,Krwpych,
2283,Johannes,Krysanych,
2284,Johannes,Kryssanych,
2285,Johannes,Kwrcz,
2286,Johannes,Kwschicz,
2287,Johannes,Kys,
2288,Johannes,Kyshorwath,
2289,Johannes,Laczkoych,
2290,Johannes,Ladomer,
2291,Johannes,Ladomeri,
2292,Johannes,Ladomery,
2293,Johannes,Laki,
2294,Johannes,Lanthos,
2295,Johannes,Lathowczy,
2296,Johannes,Lawtus,
2297,Johannes,Lyppynyey,
2298,Johannes,Madaraz,
2299,Johannes,Malekoczy,
2300,Johannes,Malykoczy,
2301,Johannes,Marochay,
2302,Johannes,Medzenthy,
2303,Johannes,More,
2304,Johannes,Mwdych,
2305,Johannes,Mykulasych,
2306,Johannes,Mykulych,
2307,Johannes,Mykwlassych,
2308,Johannes,Mykwlasych,
2309,Johannes,Myndczenthy,
2310,Johannes,Myndzenthi,
2311,Johannes,Myndzenthy (de Mendzenth),
2312,Johannes,Myxych,
2313,Johannes,Nelepeczy,
2314,Johannes,Nenadych,
2315,Johannes,"Nepessa, de",
2316,Johannes,Nezpesky,
2317,Johannes,Nezpesy,
2318,Johannes,Nowak,
2319,Johannes,Nowakowych,
2320,Johannes,Orehowczy,
2321,Johannes,Orsych,
2322,Johannes,Oskowczy,
2323,Johannes,Oswaldych,
2324,Johannes,Othawlych,
2325,Johannes,Palffi,
2326,Johannes,Palffy,
2327,Johannes,Panych,
2328,Johannes,Pariis,
2329,Johannes,Paris,
2330,Johannes,Parys,
2331,Johannes,Patachych,
2332,Johannes,Pathachych,
2333,Johannes,Paxi,
2334,Johannes,Paxy,
2335,Johannes,Pechi,
2336,Johannes,Pechiban,
2337,Johannes,Pechyban,
2338,Johannes,Pekry,
2339,Johannes,Perwaan,
2340,Johannes,Perwan,
2341,Johannes,Peszerey,
2342,Johannes,Petheo,
2343,Johannes,Pethrychewich,
2344,Johannes,Pethrychewych,
2345,Johannes,Petrychewych,
2346,Johannes,Petthrychewych,
2347,Johannes,Pezer,
2348,Johannes,Pezery,
2349,Johannes,Pogany,
2350,Johannes,Pogledych,
2351,Johannes,Popynzky,
2352,Johannes,Posegay,
2353,Johannes,Pozowczy,
2354,Johannes,Prakowych,
2355,Johannes,Prakoych,
2356,Johannes,Premar,
2357,Johannes,Prenar,
2358,Johannes,Puhakoczy,
2359,Johannes,Punek,
2360,Johannes,Pwhakoczy,
2361,Johannes,Pwnek,
2362,Johannes,"Pzaryewo, de",
2363,Johannes,Radathowych,
2364,Johannes,Rathkay,
2365,Johannes,Ratkay,
2366,Johannes,Sampo,
2367,Johannes,Sampwh,
2368,Johannes,Saranych,
2369,Johannes,Saronich,
2370,Johannes,Saronych,
2371,Johannes,Saronych de Koznycza,
2372,Johannes,"Schytharyo, de",
2373,Johannes,Semoczy,
2374,Johannes,Simoffy,
2375,Johannes,Simonfi,
2376,Johannes,Simonfy,
2377,Johannes,Skropyloych,
2378,Johannes,Snathoych,
2379,Johannes,Songorecz,
2380,Johannes,Spanych,
2381,Johannes,Spyssch,
2382,Johannes,Spyssych,
2383,Johannes,Supanych,
2384,Johannes,Swasthowych,
2385,Johannes,Swazthowych,
2386,Johannes,Swazthoych,
2387,Johannes,Swazthych,
2388,Johannes,Swaztowych,
2389,Johannes,Swpanych,
2390,Johannes,Swppanych,
2391,Johannes,Symonffy,
2392,Johannes,Syska,
2393,Johannes,Tarnok,
2394,Johannes,"Thah, de",
2395,Johannes,Thahy,
2396,Johannes,Tharnok,
2397,Johannes,Thay,
2398,Johannes,Theconczy,
2399,Johannes,Thekowecz,
2400,Johannes,Thomassych,
2401,Johannes,Thompa,
2402,Johannes,Thooth,
2403,Johannes,Thoth,
2404,Johannes,Thumpa,
2405,Johannes,Thurkowych,
2406,Johannes,Thwroczy,
2407,Johannes,Thynody,
2408,Johannes,Tompa,
2409,Johannes,Toth,
2410,Johannes,Ughrynowych,
2411,Johannes,Vinczky,
2412,Johannes,"Vinychno, de",
2413,Johannes,Voykffy,
2414,Johannes,Vyniczei,
2415,Johannes,Vynyczey,
2416,Johannes,Wakozlawych,
2417,Johannes,Walpothych,
2418,Johannes,"Wechezlawcz, de",
2419,Johannes,Wghrynowych,
2420,Johannes,Wgrynowych,
2421,Johannes,Wogrynowych,
2422,Johannes,Wokozlawych,
2423,Johannes,Woykffy,
2424,Johannes,Wragowych,
2425,Johannes,Wragoych,
2426,Johannes,Wydosseych,
2427,Johannes,Wydossych,
2428,Johannes,Wynnychney,
2429,Johannes,Wysych,
2430,Johannes,Wytez,
2431,Johannes,Wythez,
2432,Johannes,Wyzokay,
2433,Johannes,Zaboky,
2434,Johannes,Zaboky junior,
2435,Johannes,Zaboky senior,
2436,Johannes,Zakmardy,
2437,Johannes,Zakmari,
2438,Johannes,Zalay,
2439,Johannes,"Zamladyncz, de",
2440,Johannes,Zapollya,
2441,Johannes,"Zapollya, de",
2442,Johannes,"Zapolya, de",
2443,Johannes,Zaz,
2444,Johannes,Zedemer,
2445,Johannes,Zedemmer,
2446,Johannes,Zekyra,
2447,Johannes,Zempchey,
2448,Johannes,Zenek,
2449,Johannes,Zenth Gyrothy,
2450,Johannes,Zenthgyrothy,
2451,Johannes,Zepesiensis,
2452,Johannes,Zermek,
2453,Johannes,Zkender,
2454,Johannes,Zrakar,
2455,Johannes,Ztobyczay,
2456,Johannes,Ztubyczay,
2457,Johannes,Ztwbiczay,
2458,Johannes,Zwlycza,
2459,Johannes,de Hasad,
2460,Johannes alterius,Keczer,
2461,Johannes junior,,
2462,Johannes junior,Chernkoczy,
2463,Johannes junior,Gwbassoczy,
2464,Johannes junior,Hrussoczy,
2465,Johannes junior,Hrwssoczy,
2466,Johannes junior,Zaboky,
2467,Johannes senior,Chernkoczy,
2468,Johannes senior,Zaboky,
2469,Johannes senioris,,
2470,"Johannes, Benedictus",Arbanaz,
2471,"Johannes, Franciscus",Keczer,
2472,"Johannes, Georgius",Prenar,
2473,"Johannes, Ludovicus",Zaboky,
2474,"Johannes, Mathias",,
2475,"Johannes, Mathias, Dorothea",Aytych,
2476,"Johannes, Michael",Hrussoczy,
2477,"Johannes, Michael",Hrwssoczy,
2478,"Johannes, Michael",Wokozlawych,
2479,"Johannes, Michael",Ztubyczay,
2480,"Johannes, Nicolaus",Wagathoychii,
2481,"Johannes, junioris",Chernkoczy,
2482,"Johannes, junioris",Gubassoczy,
2483,"Johannes, senioris",,
2484,"Johannes, senioris",Chernkoczy,
2485,Johannis,Dorgy,
2486,Johannis,Saronych,
2487,"Johhanes, Petrus","Kalyn, de",
2488,Johhanis,Aytych,
2489,Johnnes,Rwkell,
2490,Johnnes,Swberay,
2491,Johnnes,Zwhodoly,
2492,Josa,,
2493,Jose,Dambay,
2494,Jose,Dombay,
2495,Jose,Farcadyn,
2496,Jose,"Farkadyn, de",
2497,Jose,Tersek,
2498,Jose,Thersek,
2499,Joseph,,
2500,Josephus,,
2501,Josua,,
2502,Judit,,
2503,Judita,Kerecheny,
2504,Jura,Vayde,
2505,Jurra,Zladoyewych,
2506,Jurycza,Hrwssoczy,
2507,Jwra,,
2508,Jwro,Woywoda,
2509,Jwrycza,Hrwssoczy,
2510,Jwryssa,Sarkowych,
2511,Jwryssa,Sarkoych,
2512,Jwsek,Nezpesky,
2513,Katharina,,
2514,Katharina,Fodor,
2515,Katharine,Horwathycza,
2516,Katherina,,
2517,Katherina,Fodor,
2518,Katherina,Orros,
2519,Katherine,Fodor,
2520,Kis,Horwath,
2521,Kohala,,
2522,Kothwych,,
2523,Kozma,Korenzky,
2524,Kunegunda,Henyngh,
2525,Labas,Wak,
2526,Laczko,,
2527,Ladisalus,Wardai,
2528,Ladislai,Kastellanffy,
2529,Ladislaus,,
2530,Ladislaus,Alchy,
2531,Ladislaus,Alcius,
2532,Ladislaus,Alczy,
2533,Ladislaus,Bachyany,
2534,Ladislaus,Bahthychani,
2535,Ladislaus,"Bakowcza, de",
2536,Ladislaus,Bathany,
2537,Ladislaus,Bathory G.,
2538,Ladislaus,Benchek,
2539,Ladislaus,Benchich,
2540,Ladislaus,Benchych,
2541,Ladislaus,"Bococza, de",
2542,Ladislaus,Borothwa,
2543,Ladislaus,Bradach,
2544,Ladislaus,Bwbanych,
2545,Ladislaus,Bwkowachky,
2546,Ladislaus,Castelanffy,
2547,Ladislaus,Castellanffi,
2548,Ladislaus,Castellanffy,
2549,Ladislaus,Castellannffy,
2550,Ladislaus,Dobychak,
2551,Ladislaus,Dombychak,
2552,Ladislaus,Domozloych,
2553,Ladislaus,Dragyssych,
2554,Ladislaus,Egerwar,
2555,Ladislaus,"Egerwar, de",
2556,Ladislaus,Egerwara,
2557,Ladislaus,Egerwary (de Egerwar),
2558,Ladislaus,Egerwary ad Kemlek,
2559,Ladislaus,Farkas,
2560,Ladislaus,Fodoroczy,
2561,Ladislaus,Fodroczy,
2562,Ladislaus,Garazda,
2563,Ladislaus,Gazda,
2564,Ladislaus,Gereczy,
2565,Ladislaus,Gourazda,
2566,Ladislaus,Grekssych,
2567,Ladislaus,Grekszych,
2568,Ladislaus,Grexich,
2569,Ladislaus,Grexych,
2570,Ladislaus,Gwrychych,
2571,Ladislaus,Homzky,
2572,Ladislaus,Horszky,
2573,Ladislaus,"Hwzarcz, de",
2574,Ladislaus,Imprych,
2575,Ladislaus,Ispani,
2576,Ladislaus,Iwanwschych,
2577,Ladislaus,Kanysay,
2578,Ladislaus,Kanyssay,
2579,Ladislaus,Kasnar,
2580,Ladislaus,Kasner,
2581,Ladislaus,Kastellanffy,
2582,Ladislaus,Kerchen,
2583,Ladislaus,Kerecheny,
2584,Ladislaus,Kerechyny,
2585,Ladislaus,Kerencheny,
2586,Ladislaus,Kerhen,
2587,Ladislaus,Kermchych,
2588,Ladislaus,Kermychych,
2589,Ladislaus,Kernchych,
2590,Ladislaus,Kerniegh,
2591,Ladislaus,Kezelche,
2592,Ladislaus,Komondor,
2593,Ladislaus,Kos,
2594,Ladislaus,Kranchych,
2595,Ladislaus,Krechnyewich,
2596,Ladislaus,Kwffy,
2597,Ladislaus,Kyzelycha,
2598,Ladislaus,Ladomer,
2599,Ladislaus,Lorandych,
2600,Ladislaus,Lwben,
2601,Ladislaus,Makalay,
2602,Ladislaus,Mihalffy,
2603,Ladislaus,Mihalfy,
2604,Ladislaus,Myndczenthy,
2605,Ladislaus,Nadasdi,
2606,Ladislaus,Nadasdy,
2607,Ladislaus,Nemchych,
2608,Ladislaus,Nespessei,
2609,Ladislaus,Nezpessey,
2610,Ladislaus,Pastha,
2611,Ladislaus,Patachich,
2612,Ladislaus,Pathachych,
2613,Ladislaus,Peszery,
2614,Ladislaus,Petheo,
2615,Ladislaus,Pethew,
2616,Ladislaus,Pettö,
2617,Ladislaus,Pezeri,
2618,Ladislaus,Pezery,
2619,Ladislaus,Pezzery,
2620,Ladislaus,Raveni de Velika,
2621,Ladislaus,Rohfyw,
2622,Ladislaus,Saffarych,
2623,Ladislaus,Sartor,
2624,Ladislaus,Sphani,
2625,Ladislaus,Thomasich,
2626,Ladislaus,Thwrchych,
2627,Ladislaus,Vragoich,
2628,Ladislaus,Vragoych,
2629,Ladislaus,Vytez,
2630,Ladislaus,Weres,
2631,Ladislaus,Witez,
2632,Ladislaus,Withez,
2633,Ladislaus,Woykfy,
2634,Ladislaus,Wraghoych,
2635,Ladislaus,Wragowych,
2636,Ladislaus,Wythez,
2637,Ladislaus,Zabo,
2638,Ladislaus,Zaboky,
2639,Ladislaus,Zelczy,
2640,Ladislaus,"Zemche, de",
2641,Ladislaus,Zemchey,
2642,Ladislaus,Zempachey,
2643,Ladislaus,Zempchei,
2644,Ladislaus,Zempchey,
2645,Ladislaus,Zempshey,
2646,Ladislaus,Zenth Iwan,
2647,Ladislaus,Zermegh,
2648,Ladislaus,Zlywarych,
2649,Ladislaus,Zoltay,
2650,Ladislaus,Zrakar,
2651,Ladislaus junior,,
2652,"Ladislaus, Franciscus",Dragach,
2653,"Ladislaus, Georgius",Saffarych,
2654,"Ladislaus, Petrus",Wragoych,
2655,Ladislavus,Iwanuschych,
2656,Lahkoych,,
2657,Laurencii,Palffy,
2658,Laurentii,Palffy,
2659,Laurentis,,
2660,Laurentius,,
2661,Laurentius,Banffy,
2662,Laurentius,Banfy,
2663,Laurentius,"Choren, de",
2664,Laurentius,Czany,
2665,Laurentius,Gereczy,
2666,Laurentius,Horwath,
2667,Laurentius,Jwgowczy,
2668,Laurentius,Palffy,
2669,Laurentius,Radynowych,
2670,Laurentius,Radynoych,
2671,Laurentius,Rodynoych,
2672,Laurentius,Sartoris,
2673,Laurentius,Vukaych,
2674,Laurentius,Zynetych,
2675,Laurentius*,,
2676,Layws,,
2677,Layws,"Peker, de",
2678,Lazarius,,
2679,Lazarus,,
2680,Leonard,,
2681,Leonard,"Bakowcza, de",
2682,Leonard,Porkolabh,
2683,Leonardus,,
2684,Leonardus,"Bakowcza, de",
2685,Lodouyczy,,
2686,Lodowycus,Pekry,
2687,Lodowyczy,Zarechen,
2688,Lorandus,,
2689,Luca,,
2690,Luca,Alchy,
2691,Luca,Alczy,
2692,Luca,Horuath,
2693,Luca,Horwath,
2694,Luca,"Kalna, de",
2695,Luca,Kowachych,
2696,Luca,Lahoych,
2697,Luca,Rozowych,
2698,Luca,Therbych,
2699,Luca,Vokeuych,
2700,Luca,Wolkowych,
2701,Luca,Wolkoych,
2702,Luca,Zekel,
2703,Luce,Horwath,
2704,Luce,Therbych,
2705,Lucia,,
2706,Ludouici,Zaboky,
2707,Ludouicus,,
2708,Ludouicus,Bedekowych,
2709,Ludouicus,Pekry,
2710,Ludouicus,Pewkry,
2711,Ludovic,Schytaroczy,
2712,Ludovicus,,
2713,Ludovicus,Bedekoich,
2714,Ludovicus,Bedekowych,
2715,Ludovicus,Bedekoych,
2716,Ludovicus,Pekry,
2717,Ludovicus,Pewkry,
2718,Ludovicus,Schytaroczy,
2719,Ludovicus,Schytaroczy*,
2720,Ludovicus,Schytharoczy,
2721,Ludovicus,Zaboki,
2722,Ludovicus,Zaboky,
2723,Ludovicus,Zechen,
2724,Ludovicus,Zerechen,
2725,Ludovicus,Zerechyn,
2726,Madarasz,,
2727,Magdalena,,
2728,Magdalena,Herkffy,
2729,Magdalena,Schytaroczy,
2730,Magdalena,Schytaroczy*,
2731,Magdalenae,,
2732,Marchio,,
2733,Marchion,,
2734,Marcus,,
2735,Marcus,Balogh,
2736,Marcus,Beleewych,
2737,Marcus,Beleych,
2738,Marcus,Beleyewych,
2739,Marcus,Beleywych,
2740,Marcus,Brumani,
2741,Marcus,Brumany,
2742,Marcus,Dely,
2743,Marcus,Gerzelya,
2744,Marcus,Horwath,
2745,Marcus,Hrwska,
2746,Marcus,Kaszynyai,
2747,Marcus,Kaszynyay,
2748,Marcus,Kontercz,
2749,Marcus,Kozynshyak,
2750,Marcus,Krassynay,
2751,Marcus,Kraszynyay,
2752,Marcus,Krazynay,
2753,Marcus,Krazynnay,
2754,Marcus,Krazynnyay,
2755,Marcus,Krazynyay,
2756,Marcus,Krazzynnay,
2757,Marcus,Myrkoczy,
2758,Marcus,Myrkowczy,
2759,Marcus,Nowoszel,
2760,Marcus,Nowozel,
2761,Marcus,Nowozell,
2762,Marcus,Orsych,
2763,Marcus,Oskoczy,
2764,Marcus,Oskowczy,
2765,Marcus,Prwgoweczki,
2766,Marcus,Radenchych,
2767,Marcus,Radenych,
2768,Marcus,Sartoris,
2769,Marcus,Sighmundich,
2770,Marcus,Sighmwndych,
2771,Marcus,Sygmondych,
2772,Marcus,Thomassowych,
2773,Marcus,Thomaszowych,
2774,Marcus,Thomaszoych,
2775,Marcus,Wolarych,
2776,Marcus,"Zenthgergh, de",
2777,Marcus,Ztanchych,
2778,Marcus,Ztansych,
2779,Marcus,Zthanchych,
2780,"Marcus, Johannes",Orsych,
2781,Margareta,,
2782,Margarete,Dragach,
2783,Margaretha,,
2784,Margaretha,Dragach,
2785,Margaretha,Hassagy,
2786,Margarethe,Banffy,
2787,Markolab,,
2788,Markolab,"Rokonok, ad",
2789,Markonis,,
2790,Marta,Zenthlaczloy,
2791,Martae,,
2792,Martha,,
2793,Martha,Zenthlaczloy,
2794,Martha,Zenthlazlay,
2795,Martha,Zenthlazloi,
2796,Martha,Zenthlazloy,
2797,Marthae,,
2798,Marthe,,
2799,Martin,,
2800,Martin,Gwdecz,
2801,Martin,Jemecz,
2802,Martin,Modych,
2803,Martin,"Sawlowcz, de",
2804,Martini,,
2805,Martini,Gothal,
2806,Martini,Kewresy,
2807,Martini,Kyrynycz,
2808,Martini,Sabarych,
2809,Martini,Zekel,
2810,Martinus,,
2811,Martinus,Beleewych,
2812,Martinus,Bellyewych,
2813,Martinus,Belyewych,
2814,Martinus,Bwsanych,
2815,Martinus,Bwzanych,
2816,Martinus,"Domokoych, de",
2817,Martinus,Dyachych,
2818,Martinus,"Erdowcz, de",
2819,Martinus,Gotal,
2820,Martinus,Horwat,
2821,Martinus,Horwath,
2822,Martinus,Keressy,
2823,Martinus,Keresy,
2824,Martinus,Kewrenssy,
2825,Martinus,Kewrensy,
2826,Martinus,Kewrewsy,
2827,Martinus,Kewtesy,
2828,Martinus,Kowachych,
2829,Martinus,Kyrynych,
2830,Martinus,Paradusa,
2831,Martinus,Paradvsa,
2832,Martinus,Paradwsa,
2833,Martinus,Pepelych,
2834,Martinus,Pokupecz,
2835,Martinus,Pokwpecz,
2836,Martinus,Prenar,
2837,Martinus,Sabarych,
2838,Martinus,Sartor,
2839,Martinus,Thomasowych,
2840,Martinus,Thomassouych,
2841,Martinus,Thomaszowcz,
2842,Martinus,Thomaszowych,
2843,Martinus,Thomaszowyth,
2844,Martinus,Tomazowych,
2845,Martinus,Wolarych,
2846,Martinus,Zekel,
2847,Martinus,Zekell,
2848,Martinus,Zthobyczay,
2849,Martinus,Zwyrchych,
2850,Mathe,,
2851,Mathe,Zekel,
2852,Matheus,,
2853,Matheus,Babych,
2854,Matheus,Bexych,
2855,Matheus,Borothwa,
2856,Matheus,Chernkoczy,
2857,Matheus,Dely,
2858,Matheus,Horwath,
2859,Matheus,Lanthaak,
2860,Matheus,"Mikwlychy, de",
2861,Matheus,Orgowany,
2862,Matheus,Perechych,
2863,Matheus,Pogledych,
2864,Matheus,Prodarych,
2865,Matheus,Thotarych,
2866,Matheus,Zalathnoky,
2867,Matheus,Zalatnoky,
2868,Matheus (Mathias),Keglewych,
2869,Matheus (Mathias),Kozlych,
2870,Matheus (Mathias),Nagh,
2871,Mathia,Orgowan,
2872,Mathia,Premazanyth,
2873,Mathias,,
2874,Mathias,Aras,
2875,Mathias,Arras,
2876,Mathias,Babych,
2877,Mathias,Baxay,
2878,Mathias,Borodarych,
2879,Mathias,Borothwa,
2880,Mathias,Brodarych,
2881,Mathias,Bubanych,
2882,Mathias,Cheh,
2883,Mathias,Chernkoczy,
2884,Mathias,Dely,
2885,Mathias,Dobrakwtay,
2886,Mathias,Domkoych,
2887,Mathias,Dorothych,
2888,Mathias,Dorotych,
2889,Mathias,Drobitel,
2890,Mathias,Ersek,
2891,Mathias,Erstek,
2892,Mathias,Fachar,
2893,Mathias,Farkassych,
2894,Mathias,Frangepan,
2895,Mathias,Gerdynych,
2896,Mathias,Groff,
2897,Mathias,Horwath,
2898,Mathias,Hrwsoczy,
2899,Mathias,"Hrwsowcz, de",
2900,Mathias,Hungari,
2901,Mathias,"Iwanowcz, de",
2902,Mathias,Iwerych,
2903,Mathias,Kalmanych,
2904,Mathias,Kalynzky,
2905,Mathias,Keglevich,
2906,Mathias,Keglewych,
2907,Mathias,Kerecheny,
2908,Mathias,Kermchych,
2909,Mathias,Kesser,
2910,Mathias,Kolchewcz,
2911,Mathias,Kossych,
2912,Mathias,Kozlych,
2913,Mathias,Kyzelycza,
2914,Mathias,Lychkoych,
2915,Mathias,Madaras,
2916,Mathias,Magdalenych,
2917,Mathias,Magdalenycz,
2918,Mathias,Magyer,
2919,Mathias,Mathych,
2920,Mathias,"Megyerethye, de",
2921,Mathias,Mikulich,
2922,Mathias,Modych,
2923,Mathias,Mykolychy,
2924,Mathias,Myrenych,
2925,Mathias,Nagh,
2926,Mathias,Nagy,
2927,Mathias,Nothich,
2928,Mathias,Nothych,
2929,Mathias,Orghowan,
2930,Mathias,Orgovan,
2931,Mathias,Orgowan,
2932,Mathias,Orsych,
2933,Mathias,Otawlych,
2934,Mathias,Othawlych,
2935,Mathias,Pepelych,
2936,Mathias,Pethowych,
2937,Mathias,Pethoych,
2938,Mathias,Pogledych,
2939,Mathias,Raskay,
2940,Mathias,Rathothoych,
2941,Mathias,Rohfyw,
2942,Mathias,Rohfyw de Kwthennya,
2943,Mathias,Sartoris (in Thomadoczy),
2944,Mathias,Schytaroczy,
2945,Mathias,Schytharoczy,
2946,Mathias,Seremeth,
2947,Mathias,Span,
2948,Mathias,Spani,
2949,Mathias,Spanych,
2950,Mathias,Sprechky,
2951,Mathias,Sterk,
2952,Mathias,Sterk ad Selyn,
2953,Mathias,Sterko,
2954,Mathias,Stherk,
2955,Mathias,Sybryk,
2956,Mathias,Thakarych,
2957,Mathias,Tharnoczy,
2958,Mathias,Thersk,
2959,Mathias,Thomaszowych,
2960,Mathias,Tyernecz,
2961,Mathias,Waglych,
2962,Mathias,Wagych,
2963,Mathias,Wechezlowczy,
2964,Mathias,Zalathnoky,
2965,Mathias,Zermegh,
2966,Mathias,Zolarych de Seblaicz,
2967,Mathias,Zprechky,
2968,Mathias,Zremach,
2969,Mathias,Zremacz,
2970,Mathias,Zremecz,
2971,Mathias,Zrymach ad pertinencias Rakonok,
2972,Mathias,Zrymacz,
2973,Mathias,Ztherk,
2974,Mathias alterius,,
2975,Mathias+F2140,,
2976,"Mathias, Georgius",Kozlych,
2977,"Mathias, Gregorius",,
2978,"Mathias, Johannes",Mykwlych,
2979,Mathie,,
2980,Mathiias,Kalynzky,
2981,Matkonis,Pwnek,
2982,Matthei,Dely,
2983,Matthei,Zalathnoky,
2984,Mattheus,Keglewych,
2985,Mattheus,Kozych,
2986,Matthia,Schytharoczy,
2987,Matthias,Borko,
2988,Matthias,Bwnych,
2989,Matthias,Chwchak,
2990,Matthias,Gogolya,
2991,Matthias,Kowach,
2992,Matthias,Koz,
2993,Matthias,Nagh,
2994,Matthias,Pepelych,
2995,Mattko,Bwkoych,
2996,Melchior,,
2997,Melchior,Fodroczy,
2998,Melchior,Fordoroczy,
2999,Melchior,Thompa,
3000,Melchioris,,
3001,Melchioris,Fodroczy,
3002,Michael,,
3003,Michael,Aranyassy,
3004,Michael,Balsych de Fyczowcz,
3005,Michael,Bedekoych,
3006,Michael,Benkoych,
3007,Michael,Beryzlawych,
3008,Michael,Borothwa,
3009,Michael,Bothka,
3010,Michael,Brwchek,
3011,Michael,Bryglewych,
3012,Michael,Brygleych,
3013,Michael,Bryglyewych,
3014,Michael,Budor,
3015,Michael,Bwdor,
3016,Michael,Byzthryczky,
3017,Michael,Byztryczey,
3018,Michael,Dobroden,
3019,Michael,Dolyanzky,
3020,Michael,Drwskoczy,
3021,Michael,Dyankowych,
3022,Michael,Fachar,
3023,Michael,Ferenchych,
3024,Michael,Ferenczy,
3025,Michael,Ffachar,
3026,Michael,Forgach,
3027,Michael,Fych,
3028,Michael,Fynth,
3029,Michael,Fynthych,
3030,Michael,Garazda,
3031,Michael,Gorazda,
3032,Michael,Greksych,
3033,Michael,Gressych,
3034,Michael,Gwlay,
3035,Michael,Gwokowecz,
3036,Michael,Gywlay,
3037,Michael,Henchecz,
3038,Michael,Henczek,
3039,Michael,Hennchecz,
3040,Michael,Homzky*,
3041,Michael,Horuath,
3042,Michael,Horvath,
3043,Michael,Horwath,
3044,Michael,Horwathych,
3045,Michael,Hrwskowczy,
3046,Michael,Hrwsoczy,
3047,Michael,Hrwssoczy,
3048,Michael,Hrwssowczy*,
3049,Michael,Jaressych,
3050,Michael,Kerecheny,
3051,Michael,Kerechyny,
3052,Michael,Kerhen,
3053,Michael,Kerpachych,
3054,Michael,Kolarych,
3055,Michael,Konszky,
3056,Michael,Konzky,
3057,Michael,Koren,
3058,Michael,Koz,
3059,Michael,Kozowych,
3060,Michael,Krwpych,
3061,Michael,Kwkawycza,
3062,Michael,Kys,
3063,Michael,Kyssewych,
3064,Michael,Kyssewycz,
3065,Michael,Kysseych,
3066,Michael,Laczkowych,
3067,Michael,Laczkoych,
3068,Michael,Lewak,
3069,Michael,Litteratus,
3070,Michael,"Maysych, Palicza",
3071,Michael,Miczenthy,
3072,Michael,Miksich de Lokawcz,
3073,Michael,Modych,
3074,Michael,"Monozlo, de",
3075,Michael,Morws (More),
3076,Michael,Mudych,
3077,Michael,Mwdych,
3078,Michael,Myhalyewych,
3079,Michael,Mylos,
3080,Michael,Nemchych,
3081,Michael,Orehoczy,
3082,Michael,Ozoray,
3083,Michael,Palffy,
3084,Michael,Parin,
3085,Michael,Paxi,
3086,Michael,Paxy,
3087,Michael,"Pepelich, senior",
3088,Michael,Pepelych,
3089,Michael,Pepelych de Lwkawcz,
3090,Michael,Pernar,
3091,Michael,Petherchych,
3092,Michael,Petrinych,
3093,Michael,Petthrowssewych,
3094,Michael,"Polyana, de",
3095,Michael,Pwnychych,
3096,Michael,Pwnyczych,
3097,Michael,Pyzkay,
3098,Michael,Rachych,
3099,Michael,Racz,
3100,Michael,"Rawen, de",
3101,Michael,Safarych,
3102,Michael,Santhych,
3103,Michael,Sarap,
3104,Michael,Sartoris,
3105,Michael,Satris,
3106,Michael,"Schytharyo, de",
3107,Michael,Semoczy,
3108,Michael,Spanich,
3109,Michael,Spychko,
3110,Michael,Supanych,
3111,Michael,Suppanych,
3112,Michael,Swgnethych,
3113,Michael,Swgnetych,
3114,Michael,Swpanych,
3115,Michael,Swppanych,
3116,Michael,Syla,
3117,Michael,Symwnoych,
3118,Michael,Syska,
3119,Michael,Szaboo,
3120,Michael,"Tah, de",
3121,Michael,Tahy,
3122,Michael,Thamadaczy,
3123,Michael,Thamadoczy,
3124,Michael,Thomadoczy,
3125,Michael,Thomasdochi,
3126,Michael,Thompa,
3127,Michael,Thwmpa,
3128,Michael,Tompa,
3129,Michael,Toth,
3130,Michael,Tremecz,
3131,Michael,Vapnowczy,
3132,Michael,Voykffi,
3133,Michael,Vrnoczy,
3134,Michael,Wagych,
3135,Michael,Wrnoczy,
3136,Michael,Wsdar,
3137,Michael,Wzdar,
3138,Michael,Zabo,
3139,Michael,Zaboo,
3140,Michael,Zakel,
3141,Michael,Zakmary,
3142,Michael,Zedlar de Polyana,
3143,Michael,Zekel,
3144,Michael,Zekell,
3145,Michael,Zeklych,
3146,Michael,Zempchey,
3147,Michael,Zenthiwany,
3148,Michael,Zlathyany,
3149,Michael,Zokach,
3150,Michael,Zowynchych,
3151,Michael,Zpyko,
3152,Michael,Zrynchych,
3153,Michael,Ztyncych,
3154,Michael (senioris),Hrwssoczy,
3155,Michael alterius,Pepelych,
3156,Michael junior,Hrwssoczy,
3157,Michael juniori,Hrwssoczy,
3158,Michael senior,Hrussoczy,
3159,Michael senior,Hrwssoczy,
3160,Michael senior,Pepelych,
3161,Michael senior,Plepelych,
3162,"Michael senior, junior",Hrussoczy,
3163,"Michael, junior",Hrwssoczy,
3164,"Michael, junioris",Hrwssoczy,
3165,"Michael, senior",Hrwssoczy,
3166,"Michael, senioris",Hrwssoczy,
3167,Michaeles,Kerecheny,
3168,Michaelus,Horwath,
3169,Michaelus,Mynczenty,
3170,Micheal,Suppanych,
3171,Mikulasycz,,
3172,Mikwlycza,Thwsewechky,
3173,Milos,,
3174,Moises,Homzky,
3175,Moises,Komzky (Homzky*),
3176,Moises,Zaboky,
3177,"Moises, Moisys",Homzky,
3178,More,Elek,
3179,Mwzthafa,"Bragasowcz, de",
3180,Myhowyl,,
3181,Myhowyn,Horwath,
3182,Mylos,,
3183,Nesa,Hadasycza,
3184,Nicodemus,,
3185,Nicolaus,,
3186,Nicolaus,Akacius,
3187,Nicolaus,Akaczi,
3188,Nicolaus,Akaczii,
3189,Nicolaus,Alappy de Naghkemlek,
3190,Nicolaus,Alapy,
3191,Nicolaus,Alapy de Naghkemlek,
3192,Nicolaus,Aythych,
3193,Nicolaus,Aytych,
3194,Nicolaus,Babich de Lokawcz,
3195,Nicolaus,Babych,
3196,Nicolaus,Baldak,
3197,Nicolaus,Baldakouych,
3198,Nicolaus,Banffy,
3199,Nicolaus,Banffyw,
3200,Nicolaus,Banfy,
3201,Nicolaus,Barsoczy,
3202,Nicolaus,Bartakowych,
3203,Nicolaus,Bartakoych,
3204,Nicolaus,Barthakovich,
3205,Nicolaus,Barthakowych,
3206,Nicolaus,Barthakowycz,
3207,Nicolaus,Bedekoich,
3208,Nicolaus,Bedekowich,
3209,Nicolaus,Bedekowych,
3210,Nicolaus,Bedekoych,
3211,Nicolaus,Beroyewych,
3212,Nicolaus,Beztherchey,
3213,Nicolaus,"Bliznafew, de",
3214,Nicolaus,Bochkay junior,
3215,Nicolaus,Bochkay senior,
3216,Nicolaus,Bogdani,
3217,Nicolaus,Bogdany,
3218,Nicolaus,Boldysarych,
3219,Nicolaus,Bolthysarych,
3220,Nicolaus,Boltysarych,
3221,Nicolaus,Borothua,
3222,Nicolaus,Borothwa,
3223,Nicolaus,Borothwa de Vrhowcz,
3224,Nicolaus,Borsochy,
3225,Nicolaus,Borsonachy,
3226,Nicolaus,Boruthwa,
3227,Nicolaus,Boynych,
3228,Nicolaus,Boynychich,
3229,Nicolaus,Boynychych,
3230,Nicolaus,Bradanych,
3231,Nicolaus,Brodarych,
3232,Nicolaus,"Brwsowcz, de",
3233,Nicolaus,Byztryczey,
3234,Nicolaus,Chany,
3235,Nicolaus,Dely,
3236,Nicolaus,Derffy,
3237,Nicolaus,Dersffy,
3238,Nicolaus,Dersfy,
3239,Nicolaus,Desew,
3240,Nicolaus,Dobrowych,
3241,Nicolaus,Dobroych,
3242,Nicolaus,Drobiteli,
3243,Nicolaus,Drobithel de Mikethincz,
3244,Nicolaus,Dyachych,
3245,Nicolaus,Dyakoych,
3246,Nicolaus,Ebeny,
3247,Nicolaus,Fabynczky,
3248,Nicolaus,Fanchy,
3249,Nicolaus,Feleghazy,
3250,Nicolaus,Feyer,
3251,Nicolaus,Fodroczy,
3252,Nicolaus,Galey,
3253,Nicolaus,Garazda de Garazdincz,
3254,Nicolaus,Gathaloczy de Grayna,
3255,Nicolaus,Gatthal,
3256,Nicolaus,Gelchych,
3257,Nicolaus,Gerdak,
3258,Nicolaus,Gerwas,
3259,Nicolaus,Gorycza,
3260,Nicolaus,Gothal,
3261,Nicolaus,Gradicza,
3262,Nicolaus,Gradycze,
3263,Nicolaus,Gradysza,
3264,Nicolaus,Gradysze,
3265,Nicolaus,Gradyza,
3266,Nicolaus,Gradyzza,
3267,Nicolaus,"Gregoryancz, de",
3268,Nicolaus,Gregoryanczy,
3269,Nicolaus,Gyelchych,
3270,Nicolaus,Hagmasy,
3271,Nicolaus,Halewosowchy,
3272,Nicolaus,Herendych,
3273,Nicolaus,Herkffy,
3274,Nicolaus,Homasky,
3275,Nicolaus,Horwath,
3276,Nicolaus,Horwathych,
3277,Nicolaus,Horwathych de Gunwyak,
3278,Nicolaus,Hozwheghy,
3279,Nicolaus,Hozwhegi,
3280,Nicolaus,Hozwhegy,
3281,Nicolaus,Hozywhegy,
3282,Nicolaus,Hozzuhegy,
3283,Nicolaus,Hozzweghy,
3284,Nicolaus,Hozzwheghy,
3285,Nicolaus,Hozzwhegy,
3286,Nicolaus,Hrwsewechky,
3287,Nicolaus,Hrwsoczy,
3288,Nicolaus,"Hrwsowcz, de",
3289,Nicolaus,Hrwssoczy,
3290,Nicolaus,Imprych,
3291,Nicolaus,Istauanffi,
3292,Nicolaus,Isthwanffy,
3293,Nicolaus,Isthwanych,
3294,Nicolaus,Istuanffy,
3295,Nicolaus,Istwanfy,
3296,Nicolaus,Istwanych,
3297,Nicolaus,Iwanych,
3298,Nicolaus,"Kalym, de",
3299,Nicolaus,"Kalyn, de",
3300,Nicolaus,Kamarcza,
3301,Nicolaus,"Kamarcza, de",
3302,Nicolaus,Kasnarych,
3303,Nicolaus,Kerchelich,
3304,Nicolaus,Kerchelych,
3305,Nicolaus,Kerchen,
3306,Nicolaus,Kerekes,
3307,Nicolaus,Kerhen,
3308,Nicolaus,Klywcharych,
3309,Nicolaus,Kolynzky,
3310,Nicolaus,Komandor,
3311,Nicolaus,Kwkecz,
3312,Nicolaus,Kwrtha,
3313,Nicolaus,Kys,
3314,Nicolaus,Kyssewych,
3315,Nicolaus,Laczkowych,
3316,Nicolaus,Laczkoych,
3317,Nicolaus,Ladislauych,
3318,Nicolaus,Ladislawych,
3319,Nicolaus,Ladomer,
3320,Nicolaus,Ladtowacz,
3321,Nicolaus,Ladyzlaych,
3322,Nicolaus,Lapychewich,
3323,Nicolaus,Lapychewych,
3324,Nicolaus,Lathowecz,
3325,Nicolaus,Lowrencheych,
3326,Nicolaus,Lowynchych,
3327,Nicolaus,Lowynchycz,
3328,Nicolaus,Lowynshych,
3329,Nicolaus,Lwben,
3330,Nicolaus,Lychkowych,
3331,Nicolaus,Lychkoych,
3332,Nicolaus,Lythkowych,
3333,Nicolaus,Lywben,
3334,Nicolaus,Machylany,
3335,Nicolaus,Madaraz,
3336,Nicolaus,Magyar,
3337,Nicolaus,Malekoczy,
3338,Nicolaus,Martynusewych,
3339,Nicolaus,Martynussewych,
3340,Nicolaus,Mayhenych,
3341,Nicolaus,Mochylay,
3342,Nicolaus,Mochylzky,
3343,Nicolaus,Moczylzky,
3344,Nicolaus,Mykulas,
3345,Nicolaus,Mykwlas,
3346,Nicolaus,Mykwlasych,
3347,Nicolaus,Natheych de Rakytowcz,
3348,Nicolaus,Nemadych,
3349,Nicolaus,Nenadych,
3350,Nicolaus,Oblynarych,
3351,Nicolaus,Omasych,
3352,Nicolaus,Oros,
3353,Nicolaus,Ozeel,
3354,Nicolaus,Ozel,
3355,Nicolaus,Palfy,
3356,Nicolaus,Pekry,
3357,Nicolaus,Pethoza,
3358,Nicolaus,Pethrychewych,
3359,Nicolaus,Pezery,
3360,Nicolaus,Phylypchich,
3361,Nicolaus,Pogar,
3362,Nicolaus,Pokwpecz,
3363,Nicolaus,Posegay,
3364,Nicolaus,Pwchych,
3365,Nicolaus,"Pzaryewo, de",
3366,Nicolaus,Rasa,
3367,Nicolaus,Rogar,
3368,Nicolaus,Rwzoczy,
3369,Nicolaus,Sabbyachky,
3370,Nicolaus,Sabrachky,
3371,Nicolaus,Salgay de Janyasowcz,
3372,Nicolaus,Scleghazy,
3373,Nicolaus,"Sesincz, de",
3374,Nicolaus,Soldimarych,
3375,Nicolaus,Swpanych,
3376,Nicolaus,Sylvye,
3377,Nicolaus,Thersachky,
3378,Nicolaus,Thomasdych,
3379,Nicolaus,Thoplychay,
3380,Nicolaus,Thoplychyczay,
3381,Nicolaus,Thurbelty,
3382,Nicolaus,Thwrbelth,
3383,Nicolaus,Thwrbelthy,
3384,Nicolaus,Thwrbelti,
3385,Nicolaus,Topliczay,
3386,Nicolaus,Veres,
3387,Nicolaus,Wagathowych,
3388,Nicolaus,Wagathoych de Miholya,
3389,Nicolaus,Walachos,
3390,Nicolaus,Wgrinowych,
3391,Nicolaus,Wgroni,
3392,Nicolaus,Wgrynowych,
3393,Nicolaus,Wogrynowych,
3394,Nicolaus,Wok,
3395,Nicolaus,Woykffy,
3396,Nicolaus,Woykowych,
3397,Nicolaus,Wozak,
3398,Nicolaus,Wragothoych,
3399,Nicolaus,Wyczetych,
3400,Nicolaus,Wynchethych,
3401,Nicolaus,Wynchethyncz,
3402,Nicolaus,Wytesych,
3403,Nicolaus,Zabo,
3404,Nicolaus,Zaboky,
3405,Nicolaus,Zekel,
3406,Nicolaus,Zemees,
3407,Nicolaus,Zenthywany,
3408,Nicolaus,Zerblyn,
3409,Nicolaus,Zerketh,
3410,Nicolaus,Zermek,
3411,Nicolaus,Zlywarych,
3412,Nicolaus,Zrini,
3413,Nicolaus,Zryny,
3414,Nicolaus,Zthobyczay,
3415,Nicolaus,Zthobyczey,
3416,Nicolaus,Zthrezoye,
3417,Nicolaus,Zthryzoye,
3418,Nicolaus,Zthwbyczay,
3419,Nicolaus,Ztrezoya,
3420,Nicolaus senior,,
3421,"Nicolaus, Stephanus",Zaboky,
3422,Orbanus,,
3423,Osuald,,
3424,Osvald,,
3425,Osvaldus,,
3426,Osvaldus,"Jarna, de",
3427,Oswald,,
3428,Oswald,Polian,
3429,Oswaldus,,
3430,Ozel,"Jalsowcz, de",
3431,Panco,Borothwa,
3432,Pathicas,,
3433,Pauco,,
3434,Paukonis,,
3435,Pauli,Glawach,
3436,Pauli,Grexych,
3437,Paulus,,
3438,Paulus,Bobanych,
3439,Paulus,Boznych,
3440,Paulus,Brodarych,
3441,Paulus,Bubanych,
3442,Paulus,Busanych,
3443,Paulus,Bwbanich,
3444,Paulus,Bwbanych,
3445,Paulus,Bwsanich,
3446,Paulus,Chaulowych,
3447,Paulus,Chauloych,
3448,Paulus,Dobrossewych,
3449,Paulus,Dombay,
3450,Paulus,Dyankowych,
3451,Paulus,Golobowych,
3452,Paulus,Golwbych,
3453,Paulus,Greghsich,
3454,Paulus,"Gregoryancz, de",
3455,Paulus,Gregoryanczy,
3456,Paulus,Grexych,
3457,Paulus,Horuath,
3458,Paulus,Horvat,
3459,Paulus,Horwat,
3460,Paulus,Horwath,
3461,Paulus,Isthwanfy,
3462,Paulus,Iwanusthych,
3463,Paulus,Kakas,
3464,Paulus,Keleminoych,
3465,Paulus,Kelemyoicz,
3466,Paulus,Kerechen,
3467,Paulus,Kerechyn,
3468,Paulus,Kermchych,
3469,Paulus,Kernchych,
3470,Paulus,Klezthych,
3471,Paulus,"Mendzenth, de",
3472,Paulus,Modych,
3473,Paulus,Murathowych,
3474,Paulus,Mwdych,
3475,Paulus,Mwrathowych,
3476,Paulus,Nespesky,
3477,Paulus,Newrathowych,
3478,Paulus,Orechoczy,
3479,Paulus,Orehoczy,
3480,Paulus,Orsich,
3481,Paulus,Orsych,
3482,Paulus,Pan,
3483,Paulus,Petheo,
3484,Paulus,Pethew,
3485,Paulus,Pettö,
3486,Paulus,"Pezeryo, de",
3487,Paulus,Pohakoczy,
3488,Paulus,Poschay,
3489,Paulus,Posgay,
3490,Paulus,Possgay,
3491,Paulus,Puhakoczy,
3492,Paulus,Pwhakoczy,
3493,Paulus,Rathkay,
3494,Paulus,"Rawen, de",
3495,Paulus,Sabarych,
3496,Paulus,Sathrych,
3497,Paulus,Spyranchych,
3498,Paulus,Thremecz,
3499,Paulus,Velemineych,
3500,Paulus,Zeld,
3501,Paulus,Zele,
3502,Paulus,Zremecz,
3503,Paulus,Zryemecz,
3504,Paulus,Ztepanych,
3505,Paulus,Zwld,
3506,"Paulus, Georgius",Schytaroczy,
3507,Pawkonis,,
3508,Pawkonis,Arbanaz,
3509,Perti,Dyankowych,
3510,Peter,Czwlyffay,
3511,Peter,Dwphyak,
3512,Peter,Progowczy,
3513,Peter,Satrych,
3514,Petri,Nagh,
3515,Petri,Pathachych,
3516,Petrus,,
3517,Petrus,"Adowcz, de",
3518,Petrus,Antholkowych,
3519,Petrus,Antholkoych,
3520,Petrus,Antolkowych,
3521,Petrus,Antolkoych,
3522,Petrus,Arras,
3523,Petrus,Aytych,
3524,Petrus,Bagachoy,
3525,Petrus,Baxay,
3526,Petrus,Bedekowych,
3527,Petrus,Bedekoych,
3528,Petrus,Bellyewych,
3529,Petrus,Bely,
3530,Petrus,Belyewych,
3531,Petrus,Berywoy,
3532,Petrus,Bochkay,
3533,Petrus,Bogachey,
3534,Petrus,Boghachoy,
3535,Petrus,Borcz,
3536,Petrus,Borothwa,
3537,Petrus,Bryttwych,
3538,Petrus,Bwak,
3539,Petrus,Bwkowecz,
3540,Petrus,Byllyak,
3541,Petrus,Bylyak,
3542,Petrus,Castelanffy,
3543,Petrus,Castellanffy,
3544,Petrus,Castellanfy,
3545,Petrus,Castellani,
3546,Petrus,Chernkoczy,
3547,Petrus,Chesel,
3548,Petrus,Chwuthych,
3549,Petrus,Czwethnych,
3550,Petrus,Czwethych,
3551,Petrus,Danielis,
3552,Petrus,Diacowych,
3553,Petrus,Dobychak,
3554,Petrus,Dobychyak,
3555,Petrus,Draneth,
3556,Petrus,Draskouich,
3557,Petrus,Draskovych aliter Vayde,
3558,Petrus,"Draskowcz, de",
3559,Petrus,Draskowych,
3560,Petrus,Dyachych,
3561,Petrus,Dyankowych,
3562,Petrus,Erdedi,
3563,Petrus,Erdedy,
3564,Petrus,Erdeg,
3565,Petrus,Erdeody,
3566,Petrus,Erdeudy,
3567,Petrus,Erdevdy,
3568,Petrus,Erdewdi,
3569,Petrus,Erdewdy,
3570,Petrus,Fanchy,
3571,Petrus,Farkassych,
3572,Petrus,Fegweres,
3573,Petrus,Fekethe,
3574,Petrus,Fekethew,
3575,Petrus,Feyer,
3576,Petrus,Finthycz,
3577,Petrus,Franetych,
3578,Petrus,Fychur,
3579,Petrus,Fychwr,
3580,Petrus,Fynthych,
3581,Petrus,Fynthycz,
3582,Petrus,Fyntych,
3583,Petrus,Galynych,
3584,Petrus,"Gerecz, de",
3585,Petrus,Gombechych,
3586,Petrus,Gubaszoczy,
3587,Petrus,Gwbascoczy,
3588,Petrus,Gwbasoczy,
3589,Petrus,Gwbassoczy,
3590,Petrus,Gwbassowczy,
3591,Petrus,Hansoczy,
3592,Petrus,Harmiczar,
3593,Petrus,Horvath,
3594,Petrus,Horwath,
3595,Petrus,Horwath Zelyna,
3596,Petrus,Horwath de Kwsthyarowcz,
3597,Petrus,Horwathych,
3598,Petrus,Horwathynowych,
3599,Petrus,Horwsych,
3600,Petrus,Hrusoczy,
3601,Petrus,Hrwathynoych,
3602,Petrus,Hrwsoczy,
3603,Petrus,Hrwssoczy,
3604,Petrus,Hwzar,
3605,Petrus,Hymprich,
3606,Petrus,Imbrych,
3607,Petrus,Imprych,
3608,Petrus,Isthwanych,
3609,Petrus,Istwanych,
3610,Petrus,Izdencz,
3611,Petrus,Izdenczy,
3612,Petrus,Izzdenczy,
3613,Petrus,Jantholkoych,
3614,Petrus,"Kalym, de",
3615,Petrus,Kastelanffy,
3616,Petrus,Kastellanffy,
3617,Petrus,Keczer,
3618,Petrus,Keglewych,
3619,Petrus,Kelemynech,
3620,Petrus,Kerechyn,
3621,Petrus,Kerekes,
3622,Petrus,Kerhen,
3623,Petrus,Konzkay,
3624,Petrus,Konzky,
3625,Petrus,Krekes,
3626,Petrus,Krichych,
3627,Petrus,Krwpich de Blaga,
3628,Petrus,Krwpych,
3629,Petrus,Krychych,
3630,Petrus,Kurthesy,
3631,Petrus,Kyrtesi,
3632,Petrus,Kyrthesy,
3633,Petrus,Kys,
3634,Petrus,Kywrthessy,
3635,Petrus,Laczkoych de Rakytowcz,
3636,Petrus,Laczoych,
3637,Petrus,Ladomer,
3638,Petrus,Latzowych,
3639,Petrus,Lenardych,
3640,Petrus,Liplay,
3641,Petrus,Lowaz,
3642,Petrus,Madaraz,
3643,Petrus,Mazynzky,
3644,Petrus,Mihanowych,
3645,Petrus,Modych,
3646,Petrus,Mwdych,
3647,Petrus,Myhalych,
3648,Petrus,Myhanovych,
3649,Petrus,Myhanowych,
3650,Petrus,Mykchecz,
3651,Petrus,Mykwlych,
3652,Petrus,Nag,
3653,Petrus,Nagh,
3654,Petrus,Nezpesy,
3655,Petrus,Orehoczy,
3656,Petrus,"Orehovcz, de",
3657,Petrus,Pan,
3658,Petrus,Patachych,
3659,Petrus,Pathachych,
3660,Petrus,Pathaki,
3661,Petrus,Pathaky,
3662,Petrus,Peparych,
3663,Petrus,Petherkoych ad Petrowynam,
3664,Petrus,Pethrychewych,
3665,Petrus,Petrichewych,
3666,Petrus,Petrwsewych,
3667,Petrus,Petrychewych,
3668,Petrus,Petthrwssewych,
3669,Petrus,Pettö,
3670,Petrus,"Philethyncz, de",
3671,Petrus,Polyak,
3672,Petrus,Poyathych,
3673,Petrus,Poyatych,
3674,Petrus,Prakowch,
3675,Petrus,Rachich,
3676,Petrus,Rachych,
3677,Petrus,Radoich,
3678,Petrus,Radowych,
3679,Petrus,Rathkay,
3680,Petrus,Ratkhay,
3681,Petrus,Ratthkay,
3682,Petrus,Razkay,
3683,Petrus,Sabarych,
3684,Petrus,Sabarych de Lokawcz,
3685,Petrus,Sarchych,
3686,Petrus,Sarkowych,
3687,Petrus,Sarshych,
3688,Petrus,Semoczy,
3689,Petrus,Semozcy,
3690,Petrus,Sigmondych,
3691,Petrus,Simon,
3692,Petrus,Simonffy,
3693,Petrus,Simonfy,
3694,Petrus,Swasthych,
3695,Petrus,Swastych,
3696,Petrus,Swazthych,
3697,Petrus,Swogor,
3698,Petrus,Sygmondych,
3699,Petrus,Symondych,
3700,Petrus,Telecz,
3701,Petrus,Thelecz,
3702,Petrus,Thomassowych,
3703,Petrus,Thomaszowych,
3704,Petrus,Wayd,
3705,Petrus,Wayde,
3706,Petrus,Waywode,
3707,Petrus,Wladyssych,
3708,Petrus,Wokychewych,
3709,Petrus,Wokychwych,
3710,Petrus,Wragoych,
3711,Petrus,Wydoych,
3712,Petrus,Zakachych,
3713,Petrus,Zdenczy,
3714,Petrus,Zeld,
3715,Petrus,Zenth Iwan,
3716,Petrus,Zliwarych,
3717,Petrus,Zlywarych,
3718,Petrus alterius,,
3719,Petrus alterius,Antolkoych,
3720,"Petrus, Ladislaus",Castellanffy,
3721,"Petrus, Ladislaus",Imprych,
3722,"Petrus, Ladislaus",Kastellanffy,
3723,"Petrus, Mathias",Antholkowych,
3724,Petry,Pethrychewich,
3725,Philip,,
3726,Philip,Horwath,
3727,Philippus,,
3728,Philipus,,
3729,Philipus,Horwath,
3730,Potencia,,
3731,Potentia,,
3732,Prykray,Iwanecz,
3733,Radozaw,Dely,
3734,Radozlaw,Dely,
3735,Raphael,,
3736,Rosa,,
3737,Sandor,,
3738,Sandrini,,
3739,Sara,,
3740,Sarko,Bertha,
3741,Sartini,Sabaryth,
3742,Scolastica,,
3743,Sebastiani,Kerekes,
3744,Sebastianus,Kerekes,
3745,Sebastianus,Suppanych,
3746,Sebestianus,Kerekes,
3747,Serafinus,,
3748,Seraphinus,,
3749,Sigismund,,
3750,Sigismund,Borothwa,
3751,Sigismund,Frodnohar,
3752,Sigismund,Pagani,
3753,Sigismund,Pogan,
3754,Sigismund,Poghan,
3755,Sigismundi,Zermegh,
3756,Sigismundus,,
3757,Sigismundus,"Bakowcza, de",
3758,Sigismundus,Bochkay,
3759,Sigismundus,"Bococza, de",
3760,Sigismundus,Borothwa,
3761,Sigismundus,Boruthwa,
3762,Sigismundus,Frodnohar,
3763,Sigismundus,Fronnar,
3764,Sigismundus,Fronzozt,
3765,Sigismundus,Palffi,
3766,Sigismundus,Palffy,
3767,Sigismundus,Palfy,
3768,Sigismundus,Rosdi,
3769,Sigismundus,Szermegh,
3770,Sigismundus,Zermagh,
3771,Sigismundus,Zermeg,
3772,Sigismundus,Zermegh,
3773,Silvestrus,,
3774,Simko,,
3775,Simon,,
3776,Simon,Chaulowych,
3777,Simon,Chawlowych,
3778,Simon,Dwdych,
3779,Simon,Horwath,
3780,Simon,Keglevich,
3781,Simon,Keglewich,
3782,Simon,Keglewych,
3783,Simon,Krupych,
3784,Simon,Krwpych,
3785,Simon,Lukachych,
3786,Simon,Lwcachych,
3787,Simon,Lwkachych,
3788,Simon,Myrkoczy,
3789,Simon,Myrkowczy,
3790,Simon,Nagy,
3791,Simon,Swschych,
3792,Simon,Swselych,
3793,Simon,Swstelych,
3794,Simon,Zabo,
3795,Simonis,Swsebych,
3796,Simonus,Horwath,
3797,Sinkonis,,
3798,Soffia,Kerecheny,
3799,Sophia,,
3800,Sophia,Bradach,
3801,Sophia,Gyulay,
3802,Sophia,Gywlay,
3803,Sophia,Hennyngh,
3804,Sophia,Kerecheny,
3805,Sophiae,Kerecheny,
3806,Sophie,,
3807,Stanislaus,,
3808,Stanislaus,"Zawersya, de",
3809,Stanizlaus,,
3810,Steffani,"Gregoryancz, de",
3811,Steffkonis,Wayda,
3812,Stefko,Wayde,
3813,Stefycza,,
3814,Stepanus,Gregoryanczy,
3815,Stephan,Kastellanffy,
3816,Stephan,More,
3817,Stephani,"Gregoryancz, de",
3818,Stephani,Gwbassoczy,
3819,Stephani,More,
3820,Stephani,Pogledych,
3821,Stephannus,Bradach,
3822,Stephanus,,
3823,Stephanus,Arbanaz,
3824,Stephanus,Archy,
3825,Stephanus,Aythych,
3826,Stephanus,Aytych,
3827,Stephanus,Baghachoczy,
3828,Stephanus,Bathory G.,
3829,Stephanus,Baxych,
3830,Stephanus,Bedekowych,
3831,Stephanus,Bedekoych,
3832,Stephanus,Benchechych,
3833,Stephanus,Benchecych,
3834,Stephanus,Berdoczy,
3835,Stephanus,Berizlo,
3836,Stephanus,Bery,
3837,Stephanus,Beryzlawych,
3838,Stephanus,Bisztriczey,
3839,Stephanus,Bochkay,
3840,Stephanus,Bockay,
3841,Stephanus,Bogachoczy,
3842,Stephanus,Borothwa,
3843,Stephanus,Boruthwa,
3844,Stephanus,Bothka,
3845,Stephanus,Bothkay,
3846,Stephanus,Bradach,
3847,Stephanus,"Brezyna, de",
3848,Stephanus,Brodarych,
3849,Stephanus,Bwdachych,
3850,Stephanus,Bwsanych,
3851,Stephanus,Bwsanynch,
3852,Stephanus,"Bykalyo, de",
3853,Stephanus,Bystryczky,
3854,Stephanus,Bysztrychky,
3855,Stephanus,Byzthrychki,
3856,Stephanus,Byzthrychky,
3857,Stephanus,Byztrychey,
3858,Stephanus,Byztrychky,
3859,Stephanus,Castellanffy,
3860,Stephanus,Chergar,
3861,Stephanus,Chupor,
3862,Stephanus,Czwethkoych de Lokawcz,
3863,Stephanus,Czypo,
3864,Stephanus,Dersywoych,
3865,Stephanus,Deshazy,
3866,Stephanus,Dolacz,
3867,Stephanus,Dragas,
3868,Stephanus,Drenoczy,
3869,Stephanus,Drobythel,
3870,Stephanus,Drwskoczy,
3871,Stephanus,Dyankowych,
3872,Stephanus,Dylych,
3873,Stephanus,Dynkoych,
3874,Stephanus,Dythychkowych,
3875,Stephanus,Egerwary,
3876,Stephanus,Eztheny,
3877,Stephanus,Ezthyeni,
3878,Stephanus,Ezthyeny,
3879,Stephanus,Eztyeny,
3880,Stephanus,Filipchich,
3881,Stephanus,Filipchych,
3882,Stephanus,Frornugh,
3883,Stephanus,Fylypchych,
3884,Stephanus,Fylypohych,
3885,Stephanus,Fynthych,
3886,Stephanus,Fynthycz,
3887,Stephanus,Gabrielis,
3888,Stephanus,Gorbonok,
3889,Stephanus,Gorbonoky,
3890,Stephanus,Gorbonuky,
3891,Stephanus,"Gorbonwk, de",
3892,Stephanus,Gradechky,
3893,Stephanus,Gregorianczy,
3894,Stephanus,"Gregoryancz, de",
3895,Stephanus,Gregoryanczi,
3896,Stephanus,Gregoryanczy,
3897,Stephanus,"Gregoryanczy, de",
3898,Stephanus,Gregoryanzy,
3899,Stephanus,Gwbasoczy,
3900,Stephanus,Gwbassoczy,
3901,Stephanus,Gwbassowczy,
3902,Stephanus,"Gwdowcz, de",
3903,Stephanus,Gywlay,
3904,Stephanus,Haroydych,
3905,Stephanus,Hassagi de Kopinno,
3906,Stephanus,Hawydych,
3907,Stephanus,Herkffi,
3908,Stephanus,Herkffy,
3909,Stephanus,Herkfy,
3910,Stephanus,Herkowych,
3911,Stephanus,Herkoych,
3912,Stephanus,Hobethych,
3913,Stephanus,"Hom, de",
3914,Stephanus,Homzky,
3915,Stephanus,Homzky*,
3916,Stephanus,Horuath,
3917,Stephanus,Horwath,
3918,Stephanus,Horwath de Belowarcz,
3919,Stephanus,Hrwsoczy,
3920,Stephanus,Hrwssoczy,
3921,Stephanus,Humzky,
3922,Stephanus,Hwbethych,
3923,Stephanus,Hwm,
3924,Stephanus,"Hwm, de",
3925,Stephanus,Hwmzky,
3926,Stephanus,"Hwzarcz, de",
3927,Stephanus,Hwzarczy,
3928,Stephanus,Isaak,
3929,Stephanus,Isak,
3930,Stephanus,Isthwanfy,
3931,Stephanus,Isthwanych,
3932,Stephanus,Istwanfy,
3933,Stephanus,Istwanych,
3934,Stephanus,Izdenczy,
3935,Stephanus,Jwryewych,
3936,Stephanus,"Kalcz, de",
3937,Stephanus,Kasnar,
3938,Stephanus,Kasnarych de Welika,
3939,Stephanus,Kastelanfy,
3940,Stephanus,Keczer,
3941,Stephanus,Kerhen,
3942,Stephanus,Klokoch,
3943,Stephanus,Komornik,
3944,Stephanus,Koszowych (loco Swste),
3945,Stephanus,Kozel,
3946,Stephanus,Kozell,
3947,Stephanus,Krisanycz,
3948,Stephanus,Krysanych,
3949,Stephanus,Kwkawycza,
3950,Stephanus,Kwsycza,
3951,Stephanus,Ladffy,
3952,Stephanus,Ladomery,
3953,Stephanus,Larynczffy,
3954,Stephanus,Lerynczffy,
3955,Stephanus,Lestak,
3956,Stephanus,Lewrynczfy,
3957,Stephanus,Magas,
3958,Stephanus,Makotep,
3959,Stephanus,Mlaka,
3960,Stephanus,More,
3961,Stephanus,Mwkronschyak,
3962,Stephanus,Mykwlas,
3963,Stephanus,Myrkoczy,
3964,Stephanus,Myslenowych,
3965,Stephanus,Nelepeczey,
3966,Stephanus,Papratowych,
3967,Stephanus,Paris,
3968,Stephanus,"Peker, de",
3969,Stephanus,Pekry,
3970,Stephanus,Peres,
3971,Stephanus,Pergarycz,
3972,Stephanus,Pergorych,
3973,Stephanus,Perhatych,
3974,Stephanus,Peszery,
3975,Stephanus,Pezery,
3976,Stephanus,Philipowycz,
3977,Stephanus,Phylypchych,
3978,Stephanus,Podgaychych,
3979,Stephanus,Podgoyzych,
3980,Stephanus,Pogledych,
3981,Stephanus,Poszery,
3982,Stephanus,Prachochy,
3983,Stephanus,Praschoczy,
3984,Stephanus,Pwchych,
3985,Stephanus,Pwczych,
3986,Stephanus,Rakarych,
3987,Stephanus,Roszowych,
3988,Stephanus,Rozowych,
3989,Stephanus,Rozowych alias Apalenych,
3990,Stephanus,Ruzonych,
3991,Stephanus,Sampwh,
3992,Stephanus,"Sassyncz, de",
3993,Stephanus,Schytaroczy,
3994,Stephanus,Schytaroczy*,
3995,Stephanus,"Schythario, de*",
3996,Stephanus,Schytharoczy,
3997,Stephanus,"Sebrundwcz, de",
3998,Stephanus,Seretha,
3999,Stephanus,Simonfy,
4000,Stephanus,Skertha,
4001,Stephanus,Span,
4002,Stephanus,Strezoya,
4003,Stephanus,Tahy,
4004,Stephanus,Tharkonis,
4005,Stephanus,Therbych,
4006,Stephanus,Therek,
4007,Stephanus,Thobie,
4008,Stephanus,Thubicinator,
4009,Stephanus,Thwroczi,
4010,Stephanus,Thyslar,
4011,Stephanus,Trombethas,
4012,Stephanus,Tysliar,
4013,Stephanus,Vythez,
4014,Stephanus,Wgrinowych,
4015,Stephanus,Wgrynowych,
4016,Stephanus,Withossich,
4017,Stephanus,Wythesych,
4018,Stephanus,Wythez,
4019,Stephanus,Zabo,
4020,Stephanus,Zayecz,
4021,Stephanus,Zeld de Wragowcz,
4022,Stephanus,"Zemche, de",
4023,Stephanus,Zempchey,
4024,Stephanus,Zrezoya,
4025,Stephanus,Ztrezoya,
4026,Stephanus,Zuhodoly,
4027,Stephanus,Zwhodol,
4028,Stephanus,Zwhodoli,
4029,Stephanus,Zwhodoly,
4030,Stephanus junior,,
4031,"Stephanus, Balthasar",Gregoryanczy,
4032,"Stephanus, Michael",Benchechich,
4033,"Stephanus, Michael",Homzky,
4034,"Stephanus, Michael",Tahy,
4035,"Stephanus, Nicolaus",Bradach,
4036,"Stephanus, Simeon",Byztrychky,
4037,"Stephanus, Wolffgangus",Bogachyoczy,
4038,Stephycza,,
4039,Susana,Rathkay,
4040,Symonfy,,
4041,Synaryna,"Monchowcz, de",
4042,Synkonis,,
4043,Sypos,,
4044,Tarco,,
4045,Tarko,Bertha,
4046,Tarkonis,,
4047,Tharko,,
4048,Tharupwcz,Lwdwefkay,
4049,Thobya,"Bragasowcz, de",
4050,Thoma,Hyryak,
4051,Thomas,,
4052,Thomas,Arbanasz,
4053,Thomas,Arbanaz,
4054,Thomas,Augwstinych,
4055,Thomas,Ban,
4056,Thomas,Bosnyak,
4057,Thomas,Bosnych,
4058,Thomas,Bresky,
4059,Thomas,Bussay,
4060,Thomas,Bysey,
4061,Thomas,Byssesy,
4062,Thomas,Byssey,
4063,Thomas,Byszay,
4064,Thomas,Capithanfyw,
4065,Thomas,Capytanfy,
4066,Thomas,Chaulocz,
4067,Thomas,Chaulouych,
4068,Thomas,Chaulowych,
4069,Thomas,Chawloych,
4070,Thomas,Draganych,
4071,Thomas,Dragunych,
4072,Thomas,Drogh,
4073,Thomas,Drwgh,
4074,Thomas,Duorzky,
4075,Thomas,Dwdych,
4076,Thomas,Dwgh,
4077,Thomas,Erdeody,
4078,Thomas,Erdeudi,
4079,Thomas,Erdeudy,
4080,Thomas,Erdewdy,
4081,Thomas,Hoyssych,
4082,Thomas,Hoyszych,
4083,Thomas,Hoyzych,
4084,Thomas,Hyryak,
4085,Thomas,Imprych,
4086,Thomas,Ispan,
4087,Thomas,Ispani,
4088,Thomas,Kamaryay,
4089,Thomas,Kerhen,
4090,Thomas,Kermchych,
4091,Thomas,Kolarych,
4092,Thomas,Laczkowych,
4093,Thomas,Laczkoych,
4094,Thomas,Lenardych,
4095,Thomas,Leonardych,
4096,Thomas,Luemes,
4097,Thomas,"Mendzenth, de",
4098,Thomas,Mikwlych,
4099,Thomas,Mislenowych,
4100,Thomas,Modych,
4101,Thomas,Myhanowych,
4102,Thomas,Myksych,
4103,Thomas,Mykwlych,
4104,Thomas,Mylych,
4105,Thomas,Mylyth,
4106,Thomas,Myslenowych,
4107,Thomas,Nemes,
4108,Thomas,Paprathowych,
4109,Thomas,Papratowych,
4110,Thomas,Pepelych,
4111,Thomas,Pethew,
4112,Thomas,Pethrawych,
4113,Thomas,Petrawych,
4114,Thomas,Pogledych,
4115,Thomas,Safar,
4116,Thomas,Sapkar,
4117,Thomas,Schytaroczy,
4118,Thomas,"Schytaryo, de",
4119,Thomas,"Schythario, de",
4120,Thomas,Schytharoczy,
4121,Thomas,Stepanych,
4122,Thomas,Stresemley,
4123,Thomas,Suopan,
4124,Thomas,Swpan,
4125,Thomas,Swpan de Rakytowcz,
4126,Thomas,Sytkey,
4127,Thomas,Wachych,
4128,Thomas,Wochych,
4129,Thomas,Wochycz,
4130,Thomas,Wragoych,
4131,Thomas,Zalay,
4132,Thomas,Zekula,
4133,Thomas,Zlywarch,
4134,Thomas,Zlywarych,
4135,Thomas,Ztepanych,
4136,Thomas,Ztepanyth,
4137,Thomas,Zthepanych,
4138,Thomas,Zthrychkowych,
4139,Thomas,Ztrychkowych,
4140,Thomas,Ztrychowych,
4141,Thomas,Ztrychoych,
4142,Thomas junior,Imprych,
4143,Thomas junior,Modych,
4144,Thomas senior,,
4145,Thomas senior,Imprych,
4146,"Thomas, Franciscus",Boznych,
4147,"Thomas, junior",Imprych,
4148,"Thomas, junior",Modych,
4149,"Thomas, junioris",Imprych,
4150,"Thomas, junioris",Mwdych,
4151,"Thomas, senioris",,
4152,Thomass,Pepelych,
4153,Thomass,Petrawych,
4154,Thomass,Stefanych,
4155,Thomass,Wgrynonych,
4156,Thurco,,
4157,Toma,Papratoich,
4158,Ulric,,
4159,Urban,,
4160,Urbanus,,
4161,Urbanus,Dolyanzky,
4162,Ursula,,
4163,Ursula,Balogh,
4164,Ursulae,,
4165,Valentin,,
4166,Valentin,Magnus,
4167,Valentin,Palfy,
4168,Valentin,Zorko,
4169,Valentini,,
4170,Valentini,Krpan,
4171,Valentini,Palfy,
4172,Valentini,Zebenych,
4173,Valentinus,,
4174,Valentinus,Dropwchich,
4175,Valentinus,Myrenych,
4176,Valentinus,Palffy,
4177,Valentinus,Palfy,
4178,Valentinus,Zorko de Rakytowcz,
4179,Valentius,,
4180,Valentius,Palffy,
4181,Valthasarius,Blasko,
4182,Veronice,,
4183,Vicentius,Lepeych,
4184,Victor,,
4185,Vid,,
4186,Vincentius,,
4187,Vincentius,Lepeych,
4188,Vincentius,Lepoych,
4189,Vincentus,,
4190,Vital,,
4191,Vital,Gorazda,
4192,Vitalis,,
4193,Vitalis,Garazda,
4194,Viti,Bwdor,
4195,Viti,Horwath,
4196,Vitus,,
4197,Vitus,Budor,
4198,Vitus,Bwdor,
4199,Vitus,Horwat,
4200,Vitus,Horwath,
4201,Vitus,Sowan (familiaris Sowan),
4202,Vitus,Thremzki,
4203,Vitus,Tremzky,
4204,Volffgangus,Botthka,
4205,Volffgangus,Dragach,
4206,Volffgangus,Dragas,
4207,Wakowycz,,
4208,Wgrina,,
4209,"Wokman, Mykula",,
4210,Wolffgang,,
4211,Wolffgangus,,
4212,Wolffgangus,Bochachoczy,
4213,Wolffgangus,Bogachoczy,
4214,Wolffgangus,Bothka,
4215,Wolffgangus,Busanych,
4216,Wolffgangus,Bussanych,
4217,Wolffgangus,Bwsanych,
4218,Wolffgangus,Dragach,
4219,Wolffgangus,Dragas,
4220,Wolffgangus,Draghach,
4221,Wolffgangus,Drwskoczy,
4222,Wolffgangus,Drwskowczy,
4223,Wolffgangus,Dudich,
4224,Wolffgangus,Dudych,
4225,Wolffgangus,Dwdych,
4226,Wolffgangus,Dwdyth,
4227,Wolffgangus,Fodoroczy,
4228,Wolffgangus,Fodroczy,
4229,Wolffgangus,Guzy,
4230,Wolffgangus,Gyczy,
4231,Wolffgangus,Megyerechky,
4232,Wolffgangus,Paprathowych,
4233,Wolffgangus,Wraghoych,
4234,Wolffgangus,Wragowych,
4235,"Wolffgangus, Franciscus",Dragach,
4236,"Wolffgangus, Janchy",Bogachoczy,
4237,"Wolffgangus, Janchy",Boghach,
4238,Wolfgangus,Bwsanych,
4239,Wolfgangus,Czyczy,
4240,Wolfgangus,Drwskoczy,
4241,Wolfgangus,Gyczy,
4242,Wolphgangus,Gyczy,
4243,Wyd,,
4244,Yemecz,,
4245,Ywanecz,Bokaycs,
4246,Ztanislay,,
4247,Ztanizlaus,,
4248,Ztanizlay,,
4249,Ztanko,Wagrynych,
4250,Ztanko,Wgrinich de Lownicza,
4251,Ztanycza,Benkowych,
4252,jose,Dombay,
