county,query,lat,lon,display_name,source
1,ADAMOVEC,45.9044495,16.1633161,"Adamovec, Grad Zagreb, 10363, Hrvatska",nominatim
1,BEKETINEC,46.0139151,16.4367650,"Beketinec, Grad Križevci, Koprivničko-križevačka županija, 48265, Hrvatska",nominatim
1,BELA,46.2074177,16.2552179,"Bela, Grad Novi Marof, Varaždinska županija, Hrvatska",nominatim
1,BELEC,46.1317740,16.1205009,"Belec, Grad Zlatar, Krapinsko-zagorska županija, 49254, Hrvatska",nominatim
1,BISAG,46.0337432,16.2989057,"Bisag, Općina Breznica, Varaždinska županija, 42226, Hrvatska",nominatim
1,BOBOVICA,45.8308388,15.7142327,"Bobovica, Grad Samobor, Zagrebačka županija, Hrvatska",nominatim
1,BOGAČEVO,46.0856167,16.4332486,"Bogačevo, Općina Sveti Petar Orehovec, Koprivničko-križevačka županija, Hrvatska",nominatim
1,BOLČ,45.8908489,16.6763101,"Bolč, Općina Farkaševac, Zagrebačka županija, 10344, Hrvatska",nominatim
1,BORKOVEC,46.1080568,16.0835029,"Borkovec, Grad Zlatar, Krapinsko-zagorska županija, Hrvatska",nominatim
1,BOTINEC,45.7546900,15.9360374,"Mjesni odbor Botinec, Gradska četvrt Novi Zagreb - zapad, Zagreb, Grad Zagreb, 10256, Hrvatska",nominatim
1,BREZOVEC,45.9086711,16.2644717,"Brezovec Zelinski, Grad Sveti Ivan Zelina, Zagrebačka županija, Hrvatska",nominatim
1,CIRKVENA,45.9351219,16.6580807,"Cirkvena, Općina Sveti Ivan Žabno, Koprivničko-križevačka županija, 48213, Hrvatska",nominatim
1,DIJANEŠ,45.9028524,16.3558440,"Dijaneš, Grad Vrbovec, Zagrebačka županija, Hrvatska",nominatim
1,DIMITROVEC,,,,nominatim
1,DUBOVEC,46.0084447,16.2865673,"Dubovec Bisaški, Grad Sveti Ivan Zelina, Zagrebačka županija, Hrvatska",nominatim
1,DUBOVICA,46.2880157,16.6916075,"Dubovica, Općina Veliki Bukovec, Varaždinska županija, Hrvatska",nominatim
1,DULEPSKA,45.8945450,16.3426353,"Dulepska, Grad Vrbovec, Zagrebačka županija, Hrvatska",nominatim
1,DVORIŠĆE,45.9847825,16.6004514,"Dvorišće, Trema, Općina Sveti Ivan Žabno, Koprivničko-križevačka županija, 48214, Hrvatska",nominatim
1,ERDOVEC,46.0298298,16.4813125,"Erdovec, Grad Križevci, Koprivničko-križevačka županija, Hrvatska",nominatim
1,FODOROVEC,,,,nominatim
1,FUKA,45.8863448,16.5287441,"Fuka, Općina Gradec, Zagrebačka županija, 10345, Hrvatska",nominatim
1,GLOBOČEC,46.0154688,16.1581992,"Globočec, Općina Marija Bistrica, Krapinsko-zagorska županija, Hrvatska",nominatim
1,GLOGOVNICA,45.9671904,16.5272109,"Glogovnica, Koprivničko-križevačka županija, Hrvatska",nominatim
1,GOJANEC,46.2859049,16.3029011,"Gojanec, Grad Varaždin, Varaždinska županija, Hrvatska",nominatim
1,GORICA,46.2254584,16.7320479,"Gorica, Općina Rasinja, Koprivničko-križevačka županija, Hrvatska",nominatim
1,GORNJA BUKOVICA,,,,nominatim
1,GORNJA STUBICA,45.9749888,16.0175181,"Općina Gornja Stubica, Krapinsko-zagorska županija, 49245, Hrvatska",nominatim
1,GOSTOVIĆ,45.9283718,16.4445035,"Gostović, Grad Vrbovec, Zagrebačka županija, Hrvatska",nominatim
1,GOTALOVEC,46.1566949,16.2192725,"Gotalovec, Općina Budinšćina, Krapinsko-zagorska županija, Hrvatska",nominatim
1,GRABE,46.0747054,16.0078977,"Grabe, Općina Bedekovčina, Krapinsko-zagorska županija, Hrvatska",nominatim
1,GRABRIĆ,45.9008124,16.5057456,"Grabrić, Općina Gradec, Zagrebačka županija, Hrvatska",nominatim
1,GRADAC,,,,nominatim
1,GRADEC,45.9229065,16.4895691,"Gradec, Općina Gradec, Zagrebačka županija, 10345, Hrvatska",nominatim
1,GRAČANI,45.8582472,15.9740813,"Gračani - istok, Gračansko Dolje, Mjesni odbor Gračani, Gradska četvrt Podsljeme, Zagreb, Grad Zagreb, 10168, Hrvatska",nominatim
1,GRAČINA,45.9780218,16.5603046,"Gračina, Grad Križevci, Koprivničko-križevačka županija, 48214, Hrvatska",nominatim
1,GREBEN,,,,nominatim
1,GREGUROVEC,46.0297878,16.4498379,"Gregurovec, Općina Sveti Petar Orehovec, Koprivničko-križevačka županija, Hrvatska",nominatim
1,GUŠĆEROVEC,46.0539835,16.4846780,"Guščerovec, Općina Sveti Petar Orehovec, Koprivničko-križevačka županija, Hrvatska",nominatim
1,HAGANJ,45.9147515,16.5787186,"Haganj, Općina Gradec, Zagrebačka županija, Hrvatska",nominatim
1,HRAŠTJE,45.9782359,16.2688640,"Hrastje, Grad Sveti Ivan Zelina, Zagrebačka županija, Hrvatska",nominatim
1,HRUŠEVAC,,,,nominatim
1,HUM,45.8115399,15.5974865,"Hum, Grad Samobor, Zagrebačka županija, Hrvatska",nominatim
1,IMBRIOVEC,46.2563933,16.8216410,"Imbriovec, Općina Đelekovec, Koprivničko-križevačka županija, Hrvatska",nominatim
1,IVANEC,46.2175711,16.1204500,"Ivanec, Grad Ivanec, Varaždinska županija, 42240, Hrvatska",nominatim
1,JAKOPOVEC,46.2456352,16.4116646,"Jakopovec, Općina Jalžabet, Varaždinska županija, Hrvatska",nominatim
1,JALŠEVEC,46.2078577,16.4827167,"Jalševec Svibovečki, Grad Varaždinske Toplice, Varaždinska županija, Hrvatska",nominatim
1,KABEL,45.8380099,16.0553609,"NK Dubrava Tim Kabel, Dankovečka ulica, Dubrava, Mjesni odbor Klaka, Gradska četvrt Gornja Dubrava, Zagreb, Grad Zagreb, 10141, Hrvatska",nominatim
1,KALNIK,46.1326845,16.4866507,"Kalnik, Općina Kalnik, Koprivničko-križevačka županija, Hrvatska",nominatim
1,KAMEŠNICA,46.0164481,16.4654737,"Kamešnica, Srednji Dubovec, Grad Križevci, Koprivničko-križevačka županija, Hrvatska",nominatim
1,KAPELA,45.9897100,16.8443705,"Kapela, Općina Kapela, Bjelovarsko-bilogorska županija, Hrvatska",nominatim
1,KARLOVEC,,,,nominatim
1,KLENOVEC,46.0840030,16.4467590,"Klenovec, Sveti Petar Orehovec, Općina Sveti Petar Orehovec, Koprivničko-križevačka županija, Hrvatska",nominatim
1,KLOKOČEVEC,,,,error
1,KOLEDINEC,46.2390102,16.7698452,"Koledinec, Općina Rasinja, Koprivničko-križevačka županija, Hrvatska",nominatim
1,KOPRIVNICA,46.1672461,16.8102183,"Koprivnica, Grad Koprivnica, Koprivničko-križevačka županija, 48000, Hrvatska",nominatim
1,KOSTANJEVAC,46.0049015,16.9391526,"Kostanjevac, Hampovica, Općina Virje, Koprivničko-križevačka županija, 43203, Hrvatska",nominatim
1,KOSTANJEVEC,46.1613615,16.2794839,"Kostanjevec, Madžarevo, Grad Novi Marof, Varaždinska županija, 42220, Hrvatska",nominatim
1,KRIŽ,45.6632061,16.5204571,"Općina Križ, Zagrebačka županija, Hrvatska",nominatim
1,KRIŽEVCI,46.0247391,16.5457794,"Grad Križevci, Koprivničko-križevačka županija, Hrvatska",nominatim
1,KRIŽOVLJAN,46.2633287,16.5545664,"Križovljan, Općina Martijanec, Varaždinska županija, 42232, Hrvatska",nominatim
1,KUPINOVEC,,,,nominatim
1,KUTNJAK,46.2717025,16.7807856,"Kutnjak, Općina Legrad, Koprivničko-križevačka županija, Hrvatska",nominatim
1,KUZMINEC,46.2369918,16.7567560,"Kuzminec, Općina Rasinja, Koprivničko-križevačka županija, Hrvatska",nominatim
1,KUĆE,45.6761398,16.1423026,"Kuče, Grad Velika Gorica, Zagrebačka županija, 10419, Hrvatska",nominatim
1,LIPOVEC,46.1346564,16.8673583,"Lipovec, Štaglinec, Grad Koprivnica, Koprivničko-križevačka županija, Hrvatska",nominatim
1,LOVREČINA,,,,nominatim
1,LUBINOVEC,,,,nominatim
1,LUDBREG,46.2495239,16.6180913,"Ludbreg, Grad Ludbreg, Varaždinska županija, 42230, Hrvatska",nominatim
1,LUKA,45.8765214,16.3806102,"Luka, Grad Vrbovec, Zagrebačka županija, Hrvatska",nominatim
1,LUKAVEC,46.2429235,16.2152939,"Lukavec, Grad Ivanec, Varaždinska županija, 42242, Hrvatska",nominatim
1,LUPOGLAV,45.7970952,16.3404828,"Lupoglav, Općina Brckovljani, Zagrebačka županija, Hrvatska",nominatim
1,MARKOVAC,45.9193334,16.8742369,"Trojstveni Markovac, Grad Bjelovar, Bjelovarsko-bilogorska županija, Hrvatska",nominatim
1,MEĐA,46.0505204,16.4656877,"Međa, Općina Sveti Petar Orehovec, Koprivničko-križevačka županija, Hrvatska",nominatim
1,MIHOLEC,46.0545405,16.4462061,"Miholec, Općina Sveti Petar Orehovec, Koprivničko-križevačka županija, 48267, Hrvatska",nominatim
1,MIHOLJEC,,,,nominatim
1,MIKOVEC,46.0879775,16.4765791,"Mikovec, Općina Sveti Petar Orehovec, Koprivničko-križevačka županija, Hrvatska",nominatim
1,MIČEVEC,45.7529444,16.0531946,"Mičevec, Grad Velika Gorica, Zagrebačka županija, Hrvatska",nominatim
1,MLAKA,45.9088110,16.2907767,"Mlaka, Općina Rakovec, Zagrebačka županija, 10347, Hrvatska",nominatim
1,NOVAKI,45.8469164,16.5578347,"Novaki, Općina Dubrava, Zagrebačka županija, Hrvatska",nominatim
1,NOVO MJESTO,45.9534304,16.2891326,"Novo Mjesto, Grad Sveti Ivan Zelina, Zagrebačka županija, Hrvatska",nominatim
1,OBEDIŠĆE,45.7548925,16.3090960,"Obedišće Ježevsko, Općina Rugvica, Zagrebačka županija, Hrvatska",nominatim
1,OBREŠKA,45.7852319,16.4522465,"Donja Obreška, Općina Kloštar Ivanić, Zagrebačka županija, Hrvatska",nominatim
1,OBREŽ,46.1182956,16.4352972,"Obrež Kalnički, Općina Kalnik, Koprivničko-križevačka županija, 48269, Hrvatska",nominatim
1,OPATINEC,45.7172645,16.3718025,"Opatinec, Grad Ivanić-Grad, Zagrebačka županija, Hrvatska",nominatim
1,OPATOVEC,,,,nominatim
1,OPOROVEC,45.8523340,16.0622955,"Mjesni odbor Oporovec, Gradska četvrt Gornja Dubrava, Zagreb, Grad Zagreb, 20040, Hrvatska",nominatim
1,OREHOVEC,46.0721813,16.4613862,"Orehovec, Općina Sveti Petar Orehovec, Koprivničko-križevačka županija, Hrvatska",nominatim
1,OREHOVEC SVETI PETAR,46.0721813,16.4613862,"Orehovec, Općina Sveti Petar Orehovec, Koprivničko-križevačka županija, Hrvatska",nominatim
1,OTOK,45.7934210,16.5881516,"Otok, Svinjarec, Općina Dubrava, Grad Čazma, Zagrebačka županija, Hrvatska",nominatim
1,PARUŽEVAC,45.8350330,16.4979893,"Paruževac, Općina Dubrava, Zagrebačka županija, 10342, Hrvatska",nominatim
1,PETROVINA,45.6928387,16.0312510,"Petrovina Turopoljska, Grad Velika Gorica, Zagrebačka županija, Hrvatska",nominatim
1,PODBREŽJE,45.7687175,15.9688941,"Podbrežje, Mjesni odbor Siget, Gradska četvrt Novi Zagreb - zapad, Zagreb, Grad Zagreb, 10020, Hrvatska",nominatim
1,PODJALES,45.9398153,16.4864737,"Podjales, Općina Gradec, Zagrebačka županija, 10345, Hrvatska",nominatim
1,POGANČEC,45.9455926,16.3865448,"Pogančec, Općina Preseka, Zagrebačka županija, 10346, Hrvatska",nominatim
1,POLJANA,45.8474060,16.4411653,"Poljana, Grad Vrbovec, Zagrebačka županija, 10340, Hrvatska",nominatim
1,POLJE,45.9643556,16.7430610,"Polje, Kraljevac, Općina Rovišće, Bjelovarsko-bilogorska županija, 43212, Hrvatska",nominatim
1,POTOK,46.1152597,16.4821263,"Potok Kalnički, Općina Kalnik, Koprivničko-križevačka županija, 48269, Hrvatska",nominatim
1,PRAŠČEVAC,45.9195895,16.6499108,"Prašćevac, Općina Farkaševac, Zagrebačka županija, 10344, Hrvatska",nominatim
1,PRESEKA,45.9768556,16.3871555,"Preseka, Općina Preseka, Zagrebačka županija, Hrvatska",nominatim
1,PRESEČNO,46.1964754,16.3469746,"Presečno, Grad Novi Marof, Varaždinska županija, Hrvatska",nominatim
1,PREČEC,45.7614497,16.3527958,"Prečec, Općina Brckovljani, Zagrebačka županija, Hrvatska",nominatim
1,RAKITNICA,45.8332906,16.6861952,"Rakitnica, Blatnica, Općina Štefanje, Bjelovarsko-bilogorska županija, 43246, Hrvatska",nominatim
1,RAKOVAC,46.2592379,16.4390278,"Rakovac, Kelemen, Općina Jalžabet, Varaždinska županija, Hrvatska",nominatim
1,RAKOVEC,46.1746769,16.4228180,"Rakovec, Općina Ljubešćica, Varaždinska županija, Hrvatska",nominatim
1,RASINJA,46.1879999,16.7085329,"Rasinja, Općina Rasinja, Koprivničko-križevačka županija, Hrvatska",nominatim
1,RAVEN,45.9888598,16.4849942,"Mali Raven, Grad Križevci, Koprivničko-križevačka županija, Hrvatska",nominatim
1,REMETINEC,45.9270441,16.5534121,"Remetinec, Općina Gradec, Zagrebačka županija, Hrvatska",nominatim
1,REPINEC,45.9496503,16.5053178,"Repinec, Festinec, Općina Gradec, Zagrebačka županija, 10345, Hrvatska",nominatim
1,RIJEKA,,,,nominatim
1,ROŽENICA,45.5438055,16.0095091,"Roženica, Općina Pokupsko, Zagrebačka županija, Hrvatska",nominatim
1,SELA,45.5084333,16.3019739,"Sela, Grad Sisak, Sisačko-moslavačka županija, Hrvatska",nominatim
1,STARA KAPELA,45.8909545,16.6063210,"Stara Kapela, Općina Dubrava, Zagrebačka županija, Hrvatska",nominatim
1,SUDOVEC,46.1058330,16.3630500,"Sudovec, Grad Novi Marof, Varaždinska županija, Hrvatska",nominatim
1,SUDOVEC I VINAREC,46.1058330,16.3630500,"[via 'SUDOVEC'] Sudovec, Grad Novi Marof, Varaždinska županija, Hrvatska",nominatim
1,SV. KLARA,,,"(no confident match near Križevci seat; red fallback)",manual
1,SV. MARTIN,45.9982709,16.5197248,"[via 'Sveti MARTIN'] Sveti Martin, Grad Križevci, Koprivničko-križevačka županija, Hrvatska",nominatim
1,SV. ĐURĐ,46.2812323,16.6055042,"[via 'Sveti ĐURĐ'] Općina Sveti Đurđ, Varaždinska županija, Hrvatska",nominatim
1,SVETI IVAN ŽABNO,45.9464805,16.6055861,"Sveti Ivan Žabno, Općina Sveti Ivan Žabno, Koprivničko-križevačka županija, Hrvatska",nominatim
1,SVETI PETAR ČVRSNEC,,,,nominatim
1,SVINJAREC,45.8022580,16.5670104,"Svinjarec, Općina Dubrava, Zagrebačka županija, Hrvatska",nominatim
1,TKALEC,45.9705265,16.4497054,"Gornji Tkalec, Grad Vrbovec, Zagrebačka županija, Hrvatska",nominatim
1,TRNOVEC,46.2981151,16.4428652,"Općina Trnovec Bartolovečki, Varaždinska županija, Hrvatska",nominatim
1,TUČENIK,45.9412351,16.5289692,"Tučenik, Općina Gradec, Zagrebačka županija, 10345, Hrvatska",nominatim
1,VELIKA,45.9545093,16.7024843,"Velika, Općina Rovišće, Općina Sveti Ivan Žabno, Bjelovarsko-bilogorska županija, Hrvatska",nominatim
1,VIDOVEC,46.2863481,16.2504203,"Općina Vidovec, Varaždinska županija, 42205, Hrvatska",nominatim
1,VINAREC,46.1005165,16.4466304,"Vinarec, Općina Sveti Petar Orehovec, Koprivničko-križevačka županija, Hrvatska",nominatim
1,VINARI,45.7483221,16.4167433,"Vinari, Kloštar Ivanić, Općina Kloštar Ivanić, Zagrebačka županija, 10312, Hrvatska",nominatim
1,VINIČNO,46.0780080,16.3007264,"Vinično, Općina Visoko, Varaždinska županija, Hrvatska",nominatim
1,VISOKA,,,,nominatim
1,VOJNOVEC,46.1205647,16.4244075,"Vojnovec Kalnički, Općina Kalnik, Koprivničko-križevačka županija, Hrvatska",nominatim
1,VRBOVEC,45.8856479,16.4181159,"Grad Vrbovec, Zagrebačka županija, Hrvatska",nominatim
1,VRBOVO,46.0773588,16.2326727,"Vrbovo, Općina Hraščina, Krapinsko-zagorska županija, Hrvatska",nominatim
1,ZABRĐE,45.8836821,16.5016177,"Zabrđe, Općina Gradec, Zagrebačka županija, Hrvatska",nominatim
1,Zamladinec,46.0836111,16.4891667,"Zamladinec, Sveti Petar Orehovec, Koprivničko-križevačka županija",manual
1,ZAVRŠJE,,,,nominatim
1,ZELINA,45.9597901,16.2430942,"Sveti Ivan Zelina, Grad Sveti Ivan Zelina, Zagrebačka županija, Hrvatska",nominatim
1,ČANJEVO,46.1063890,16.3394440,"Čanjevo, Općina Visoko, Varaždinska županija, Hrvatska",nominatim
1,ČAZMA,45.8383124,16.7079896,"Česma, Bjelovarsko-bilogorska županija, Hrvatska",nominatim
1,ČVRSNEC,,,,nominatim
1,ĐELEKOVEC,46.2506365,16.8637838,"Općina Đelekovec, Koprivničko-križevačka županija, Hrvatska",nominatim
1,ŠTEFANEC,46.3031360,16.4579003,"Štefanec, Općina Trnovec Bartolovečki, Varaždinska županija, Hrvatska",nominatim
2,BABINEC,46.3718386,16.1094420,"Babinec, Općina Cestica, Varaždinska županija, Hrvatska",nominatim
2,BARTOLOVEC,46.2970896,16.4351454,"Bartolovec, Općina Trnovec Bartolovečki, Varaždinska županija, Hrvatska",nominatim
2,BELA,46.2074177,16.2552179,"Bela, Grad Novi Marof, Varaždinska županija, Hrvatska",nominatim
2,BELEC,46.1317740,16.1205009,"Belec, Grad Zlatar, Krapinsko-zagorska županija, 49254, Hrvatska",nominatim
2,BELETINEC,46.2220831,16.3110767,"Beletinec, Općina Sveti Ilija, Varaždinska županija, Hrvatska",nominatim
2,BERETINEC,46.2501436,16.3036423,"Beretinec, Općina Beretinec, Varaždinska županija, 42201, Hrvatska",nominatim
2,BISKUPEC,46.2856962,16.3354777,"Biškupec, Varaždin, Grad Varaždin, Varaždinska županija, 42104, Hrvatska",nominatim
2,BIŠKUPEC,46.2856962,16.3354777,"Biškupec, Varaždin, Grad Varaždin, Varaždinska županija, 42104, Hrvatska",nominatim
2,BORKOVEC,46.1080568,16.0835029,"Borkovec, Grad Zlatar, Krapinsko-zagorska županija, Hrvatska",nominatim
2,BUDINŠČINA,46.1269062,16.2037628,"Općina Budinšćina, Krapinsko-zagorska županija, 49284, Hrvatska",nominatim
2,CERKOVEC,,,,nominatim
2,CESARGRAD,46.0601275,15.7222748,"Cesargrad, D205, Mihanovićev Dol, Grad Klanjec, Krapinsko-zagorska županija, 49290, Hrvatska",nominatim
2,CIGLENICA,46.3123951,16.3329490,"Ciglenica, Texas, Centar, Varaždin, Grad Varaždin, Varaždinska županija, 42000, Hrvatska",nominatim
2,DIMITROVEC,,,,nominatim
2,DRUŠKOVEC,46.2594132,16.1550276,"Druškovec, Općina Maruševec, Varaždinska županija, 42243, Hrvatska",nominatim
2,DRUŽKOVEC,,,,nominatim
2,FERKULJEVEC,,,,nominatim
2,FODOROVEC,,,,nominatim
2,GOJANEC,46.2859049,16.3029011,"Gojanec, Grad Varaždin, Varaždinska županija, Hrvatska",nominatim
2,GORIČANOVEC,46.1816180,15.8121486,"Goričanovec, Općina Đurmanec, Krapinsko-zagorska županija, Hrvatska",nominatim
2,GOTALOVEC,46.1566949,16.2192725,"Gotalovec, Općina Budinšćina, Krapinsko-zagorska županija, Hrvatska",nominatim
2,GRABE,46.0747054,16.0078977,"Grabe, Općina Bedekovčina, Krapinsko-zagorska županija, Hrvatska",nominatim
2,GREGUROVEC,46.1554811,15.9895455,"Gregurovec, Općina Mihovljan, Krapinsko-zagorska županija, 49255, Hrvatska",nominatim
2,GUBAŠEVO,46.0198728,15.8656988,"Gubaševo, Grad Zabok, Krapinsko-zagorska županija, Hrvatska",nominatim
2,IMBRIOVEC,46.2563933,16.8216410,"Imbriovec, Općina Đelekovec, Koprivničko-križevačka županija, Hrvatska",nominatim
2,JAKOPOVEC,46.2456352,16.4116646,"Jakopovec, Općina Jalžabet, Varaždinska županija, Hrvatska",nominatim
2,JALŠEVEC,46.2078577,16.4827167,"Jalševec Svibovečki, Grad Varaždinske Toplice, Varaždinska županija, Hrvatska",nominatim
2,JURKETINEC,46.2829955,16.2184004,"Jurketinec, Općina Maruševec, Varaždinska županija, Hrvatska",nominatim
2,KALNIK,46.1648888,16.5306474,"Kalničko gorje, Koprivničko-križevačka županija, Hrvatska",nominatim
2,KARLOVEC,,,,nominatim
2,KNEGINEC,46.2567690,16.3719611,"Gornji Kneginec, Općina Gornji Kneginec, Varaždinska županija, 42204, Hrvatska",nominatim
2,KOMOR,46.1122725,16.0191713,"Mali Komor, Općina Mače, Krapinsko-zagorska županija, Hrvatska",nominatim
2,KORENJAK,46.2335701,16.3202548,"Korenjak, Sveti Ilija, Općina Sveti Ilija, Varaždinska županija, 42214, Hrvatska",nominatim
2,KOSNICA,,,,nominatim
2,KOSTEL,46.1839785,15.7256223,"Kostel, Grad Pregrada, Krapinsko-zagorska županija, Hrvatska",nominatim
2,KOŠKOVEC,46.2506981,16.1643217,"Koškovec, Općina Maruševec, Varaždinska županija, Hrvatska",nominatim
2,KRAPINA,46.0983218,15.9377404,"Krapinsko-zagorska županija, Hrvatska",nominatim
2,KRIŽANEC,46.2451850,16.3427013,"Križanec, Doljan, Općina Sveti Ilija, Varaždinska županija, 42214, Hrvatska",nominatim
2,KRIŽOVLJAN,46.2633287,16.5545664,"Križovljan, Općina Martijanec, Varaždinska županija, 42232, Hrvatska",nominatim
2,KUĆE,,,,nominatim
2,KUČAN,46.2894984,16.3709440,"Kućan Marof, Grad Varaždin, Varaždinska županija, Hrvatska",nominatim
2,LADISLAVEC,46.1086074,16.0627954,"Ladislavec, Grad Zlatar, Krapinsko-zagorska županija, Hrvatska",nominatim
2,LADOMER,,,,nominatim
2,LEPOGLAVA,46.2073666,16.0514452,"Lepoglava, Grad Lepoglava, Varaždinska županija, Hrvatska",nominatim
2,LIPOVEC,46.0529847,16.1323970,"Lipovec, Općina Zlatar Bistrica, Krapinsko-zagorska županija, Hrvatska",nominatim
2,LOBOR,46.1591018,16.0701328,"Lobor, Općina Lobor, Krapinsko-zagorska županija, Hrvatska",nominatim
2,MALI TABOR,46.2146835,15.6777004,"Mali Tabor, Općina Hum na Sutli, Krapinsko-zagorska županija, Hrvatska",nominatim
2,MARIGUTIĆ,46.1061764,16.1700226,"Marigutić, Općina Budinšćina, Krapinsko-zagorska županija, Hrvatska",nominatim
2,MARTIANEC,,,,nominatim
2,MARTINEC,46.0891232,15.9626404,"Martinec Orehovički, Općina Bedekovčina, Krapinsko-zagorska županija, Hrvatska",nominatim
2,MARTINKI,,,,nominatim
2,MARUŠEVEC,46.2807993,16.1839860,"Općina Maruševec, Varaždinska županija, 42243, Hrvatska",nominatim
2,MARČAN,46.3313541,16.1505918,"Marčan, Općina Vinica, Varaždinska županija, Hrvatska",nominatim
2,MIRKOVEC,46.0540852,15.9325918,"Mirkovec, Općina Sveti Križ Začretje, Krapinsko-zagorska županija, Hrvatska",nominatim
2,NEDELJANEC,46.2890570,16.2912974,"Nedeljanec, Općina Vidovec, Varaždinska županija, Hrvatska",nominatim
2,OBREŽ,46.1182956,16.4352972,"Obrež Kalnički, Općina Kalnik, Koprivničko-križevačka županija, 48269, Hrvatska",nominatim
2,OREHOVEC,46.1992334,16.3645309,"Orehovec, Oštrice, Grad Novi Marof, Varaždinska županija, 42222, Hrvatska",nominatim
2,OREHOVICA,46.1014693,15.9757103,"Orehovica, Općina Bedekovčina, Krapinsko-zagorska županija, Hrvatska",nominatim
2,OTOK,,,,nominatim
2,OŠTRC,46.1664,16.0845,"Oštrc (Oštrcgrad), Varaždinska županija, Hrvatska",manual
2,PETRUŠEVEC,46.1213711,16.1387745,"Petruševec, Grad Zlatar, Krapinsko-zagorska županija, Hrvatska",nominatim
2,POLJANA,45.8474060,16.4411653,"Poljana, Grad Vrbovec, Zagrebačka županija, 10340, Hrvatska",nominatim
2,POMNEROVAC,,,,nominatim
2,PREPUŠTOVEC,46.1042619,16.1842743,"Prepuštovec, Općina Budinšćina, Krapinsko-zagorska županija, Hrvatska",nominatim
2,PRIGORJE,46.1805003,15.7940169,"Prigorje, Općina Đurmanec, Krapinsko-zagorska županija, Hrvatska",nominatim
2,RATKOVEC,46.1181671,16.0847006,"Ratkovec, Grad Zlatar, Krapinsko-zagorska županija, Hrvatska",nominatim
2,SELNICA,46.0266777,16.0448657,"Selnica, Općina Marija Bistrica, Krapinsko-zagorska županija, Hrvatska",nominatim
2,SEMOVEC,46.3008848,16.4777174,"Šemovec, Općina Trnovec Bartolovečki, Varaždinska županija, Hrvatska",nominatim
2,SRAČINEC,46.3305272,16.2739507,"Sračinec, Općina Sračinec, Varaždinska županija, 42209, Hrvatska",nominatim
2,SV. MARTIN,45.9982709,16.5197248,"[via 'Sveti MARTIN'] Sveti Martin, Grad Križevci, Koprivničko-križevačka županija, Hrvatska",nominatim
2,TABOR,46.2079223,15.7701762,"Tabor, D207, Lupinjak, Općina Hum na Sutli, Krapinsko-zagorska županija, 49231, Hrvatska",nominatim
2,TOPLICA,,,,nominatim
2,TRAKOŠĆAN,46.2589761,15.9482046,"Trakošćan, Općina Bednja, Varaždinska županija, Hrvatska",nominatim
2,TRNOVEC,46.2942784,16.3992728,"Trnovec, Općina Trnovec Bartolovečki, Varaždinska županija, Hrvatska",nominatim
2,VARAŽDIN,46.3079645,16.3378198,"Grad Varaždin, Varaždinska županija, Hrvatska",nominatim
2,VELIKI TABOR,46.1546586,15.6513664,"Veliki Tabor, 22005, Hum Košnički, Općina Desinić, Krapinsko-zagorska županija, 49216, Hrvatska",nominatim
2,VIDOVEC,46.2863481,16.2504203,"Općina Vidovec, Varaždinska županija, 42205, Hrvatska",nominatim
2,VINICA,46.3422862,16.1703246,"Vinica, Općina Vinica, Varaždinska županija, 42207, Hrvatska",nominatim
2,VINO,46.0892201,15.8539643,"Donje Vino, Općina Krapinske Toplice, Krapinsko-zagorska županija, Hrvatska",nominatim
2,VIČA SELA,46.0509367,15.8627553,"Viča Sela, Općina Krapinske Toplice, Krapinsko-zagorska županija, Hrvatska",nominatim
2,VRBOVEC,45.8856479,16.4181159,"Grad Vrbovec, Zagrebačka županija, Hrvatska",nominatim
2,ZABOK,46.0326786,15.9124759,"Zabok, Grad Zabok, Krapinsko-zagorska županija, 49210, Hrvatska",nominatim
2,ZADROVEC,,,,nominatim
2,ZAJEZDA,46.1556766,16.1900984,"Zajezda, Općina Budinšćina, Krapinsko-zagorska županija, Hrvatska",nominatim
2,ZAMLAČA,46.2804754,16.2676717,"Zamlača, Općina Vidovec, Varaždinska županija, Hrvatska",nominatim
2,ZAVRŠJE,,,,nominatim
2,ZBELAVA,46.2817876,16.4037313,"Zbelava, Grad Varaždin, Varaždinska županija, Hrvatska",nominatim
2,ZLATAR,46.0926454,16.0770763,"Grad Zlatar, Krapinsko-zagorska županija, Hrvatska",nominatim
2,ZREPIČAR,,,,nominatim
2,ČALINEC,46.2890601,16.1806256,"Čalinec, Općina Maruševec, Varaždinska županija, Hrvatska",nominatim
2,ŠTEFANEC,46.3031360,16.4579003,"Štefanec, Općina Trnovec Bartolovečki, Varaždinska županija, Hrvatska",nominatim
2,ŠĆERBINEC,,,,nominatim
3,BARTOLOVEC,46.2970896,16.4351454,"Bartolovec, Općina Trnovec Bartolovečki, Varaždinska županija, Hrvatska",nominatim
3,DONJA BUKOVICA,45.6856551,17.8071027,"Donja Bukovica, Općina Nova Bukovica, Virovitičko-podravska županija, Hrvatska",nominatim
3,FODOROVEC,,,,nominatim
3,GORICA,46.2254584,16.7320479,"Gorica, Općina Rasinja, Koprivničko-križevačka županija, Hrvatska",nominatim
3,GORNJA BUKOVICA,,,,nominatim
3,GORNJA STUBICA,,,,nominatim
3,OREHOVEC,46.0721813,16.4613862,"Orehovec, Općina Sveti Petar Orehovec, Koprivničko-križevačka županija, Hrvatska",nominatim
3,PETRUŠEVEC,,,,nominatim
3,VOLAVJE,,,,nominatim
3,ŠIMUNOVEC,,,,nominatim
4,ADAMOVEC,45.9044495,16.1633161,"Adamovec, Grad Zagreb, 10363, Hrvatska",nominatim
4,AUGUSTANOVEC,45.4748574,15.9383109,"Auguštanovec, Općina Pokupsko, Zagrebačka županija, Hrvatska",nominatim
4,BABČA,,,,nominatim
4,BEDENICA,46.0326343,16.2432436,"Općina Bedenica, Zagrebačka županija, 10381, Hrvatska",nominatim
4,BELOSLAVEC,46.0350995,16.2204103,"Beloslavec, Općina Bedenica, Zagrebačka županija, Hrvatska",nominatim
4,BERISLAVEC,45.9712828,16.2662788,"Berislavec, Grad Sveti Ivan Zelina, Zagrebačka županija, Hrvatska",nominatim
4,BISAG,46.0337432,16.2989057,"Bisag, Općina Breznica, Varaždinska županija, 42226, Hrvatska",nominatim
4,BISTRA,45.8975346,15.8794733,"Općina Bistra, Zagrebačka županija, 10289, Hrvatska",nominatim
4,BISTRICA,45.9972059,16.1227427,"Bistrica, Luči Breg, Podgorje Bistričko, Općina Marija Bistrica, Krapinsko-zagorska županija, 49246, Hrvatska",nominatim
4,BIŠKUPEC,45.9615472,16.2325242,"Biškupec Zelinski, Grad Sveti Ivan Zelina, Zagrebačka županija, Hrvatska",nominatim
4,BLAGUŠA,45.8962214,16.1371338,"Blaguša, Prepuštovec, Grad Zagreb, Hrvatska",nominatim
4,BLATNICA,45.5134071,15.7252417,"Blatnica Pokupska, Grad Karlovac, Karlovačka županija, Hrvatska",nominatim
4,BLIZNEC,45.8097069,16.0258615,"Bliznec, Gradska četvrt Peščenica - Žitnjak, Zagreb, Grad Zagreb, 10153, Hrvatska",nominatim
4,BOBOVICA,45.8308388,15.7142327,"Bobovica, Grad Samobor, Zagrebačka županija, Hrvatska",nominatim
4,BORKOVEC,46.1080568,16.0835029,"Borkovec, Grad Zlatar, Krapinsko-zagorska županija, Hrvatska",nominatim
4,BORČEC,45.8291916,15.8880104,"Orešje, Mjesni odbor Perjavica - Borčec, Gradska četvrt Podsused - Vrapče, Zagreb, Grad Zagreb, 10090, Hrvatska",nominatim
4,BOTINEC,45.7546900,15.9360374,"Mjesni odbor Botinec, Gradska četvrt Novi Zagreb - zapad, Zagreb, Grad Zagreb, 10256, Hrvatska",nominatim
4,BOŽJAKOVINA,45.8194685,16.2871783,"Božjakovina, Općina Brckovljani, Zagrebačka županija, 10370, Hrvatska",nominatim
4,BRDOVEC,45.8692724,15.7622811,"Općina Brdovec, Zagrebačka županija, Hrvatska",nominatim
4,BREZOVICA,45.7277707,15.9100676,"Brezovica, Grad Zagreb, Hrvatska",nominatim
4,BRKAŠEVINA,,,,nominatim
4,BROKUNJEVEC,,,,nominatim
4,BROKUNJOVEC,,,,nominatim
4,BUKOVEC,45.7104144,15.8202926,"Bukovec, Gradska četvrt Brezovica, Horvati, Grad Zagreb, 10436, Hrvatska",nominatim
4,BUKOVŠĆAK,45.9055538,15.8017033,"Bukovščak, Pojatno, Grad Zaprešić, Zagrebačka županija, 10492, Hrvatska",nominatim
4,BUZIN,45.7498707,15.9953199,"Buzin, Grad Zagreb, 10175, Hrvatska",nominatim
4,CERJE,45.8296604,16.1914690,"Cerje, Grad Zagreb, Hrvatska",nominatim
4,CRKVA SV. NIKOLE U POLJANICI BISTRANSKOJ,45.9014815,15.8763222,"Poljanica Bistranska",manual
4,CVETKOVIĆ,45.6507558,15.6470067,"Cvetković, Grad Jastrebarsko, Zagrebačka županija, Hrvatska",nominatim
4,DEMERJE,45.7318815,15.8828849,"Demerje, Grad Zagreb, Hrvatska",nominatim
4,DOLAC,45.8142928,15.9772391,"Dolac, Zagreb",manual
4,DOLAJNA,,,,nominatim
4,DOMAGOVIĆ,45.6287181,15.6380048,"Domagović, Grad Jastrebarsko, Zagrebačka županija, Hrvatska",nominatim
4,DONJA LOMNICA,45.7117085,16.0205866,"Donja Lomnica, Grad Velika Gorica, Zagrebačka županija, Hrvatska",nominatim
4,DONJA STUBICA,45.9801727,15.9722428,"Donja Stubica, Grad Donja Stubica, Krapinsko-zagorska županija, 49240, Hrvatska",nominatim
4,DRAGANIĆI,45.7599553,16.0059758,"Draganići, Mjesni odbor Hrelić, Gradska četvrt Novi Zagreb - istok, Zagreb, Grad Zagreb, 10162, Hrvatska",nominatim
4,DRAGONOŽEC,45.6610681,15.9471656,"Donji Dragonožec, Grad Zagreb, Hrvatska",nominatim
4,DRENOVA,45.9332276,16.1779492,"Donja Drenova, Grad Sveti Ivan Zelina, Zagrebačka županija, Hrvatska",nominatim
4,DUŽICA,45.9205259,16.1025239,"Dužica, Grad Zagreb, 10362, Hrvatska",nominatim
4,DVORIŠĆE,45.8238294,16.2758953,"Donje Dvorišće, Grad Dugo Selo, Zagrebačka županija, Hrvatska",nominatim
4,GALGOVO,45.7436947,15.7490376,"Galgovo, Grad Samobor, Zagrebačka županija, Hrvatska",nominatim
4,GLAVNICA,45.9315133,16.1417444,"Glavnica Gornja, Grad Zagreb, Hrvatska",nominatim
4,GLOBOČEC,46.0154688,16.1581992,"Globočec, Općina Marija Bistrica, Krapinsko-zagorska županija, Hrvatska",nominatim
4,GORICA,45.4339204,15.4856451,"Gorica, Grad Duga Resa, Karlovačka županija, Hrvatska",nominatim
4,GORNJA BISTRA,45.9198183,15.8986398,"Gornja Bistra, Općina Bistra, Zagrebačka županija, Hrvatska",nominatim
4,GORNJA STUBICA,45.9749888,16.0175181,"Općina Gornja Stubica, Krapinsko-zagorska županija, 49245, Hrvatska",nominatim
4,GRADNA,45.8230755,15.7406015,"Gradna, Grad Samobor, Zagrebačka županija, 10433, Hrvatska",nominatim
4,GRAČANI,45.8548503,15.9709014,"Gračani, Mjesni odbor Gračani, Gradska četvrt Podsljeme, Zagreb, Grad Zagreb, Hrvatska",nominatim
4,GREBEN,45.7640352,15.3341556,"greben, Rajakovići, Sošice, Općina Žumberak, Zagrebačka županija, 10457, Hrvatska",nominatim
4,GRIČ,45.8162301,15.9735992,"Mjesni odbor Gornji grad, Gradska četvrt Gornji grad - Medveščak, Zagreb, Grad Zagreb, 10103, Hrvatska",nominatim
4,HRAŠTJE,45.9782359,16.2688640,"Hrastje, Grad Sveti Ivan Zelina, Zagrebačka županija, Hrvatska",nominatim
4,HRAŠĆE,45.7306053,16.0048816,"Hrašće Turopoljsko, Grad Zagreb, Hrvatska",nominatim
4,HRELIĆ,45.7682685,16.0168954,"Hrelić, Gradska četvrt Novi Zagreb - istok, Zagreb, Grad Zagreb, Hrvatska",nominatim
4,HRUŠEVAC,,,,nominatim
4,HUDI BITEK,45.7097190,15.8958866,"Hudi Bitek, Grad Zagreb, Hrvatska",nominatim
4,HUM,45.8115399,15.5974865,"Hum, Grad Samobor, Zagrebačka županija, Hrvatska",nominatim
4,JAKOVLJE,45.9405659,15.8585629,"Jakovlje, Općina Jakovlje, Zagrebačka županija, 10297, Hrvatska",nominatim
4,JAKUŠEVEC,45.7605543,16.0162815,"Mjesni odbor Jakuševec, Gradska četvrt Novi Zagreb - istok, Zagreb, Grad Zagreb, Hrvatska",nominatim
4,JAMNICA,45.5994427,15.8790880,"Jamnica Pisarovinska, Općina Pisarovina, Zagrebačka županija, Hrvatska",nominatim
4,JAREBIĆ,,,,nominatim
4,JASTREBARSKO,45.6716565,15.6503928,"Jastrebarsko, Grad Jastrebarsko, Zagrebačka županija, 10450, Hrvatska",nominatim
4,JESENOVEC,45.9191269,16.1428838,"Jesenovec, Grad Zagreb, Hrvatska",nominatim
4,JEŽDOVEC,45.7766808,15.8460330,"Ježdovec, Grad Zagreb, Hrvatska",nominatim
4,KAPTOL,45.8146150,15.9784733,"Kaptol, Mjesni odbor ""August Cesarec"", Gradska četvrt Gornji grad - Medveščak, Zagreb, Grad Zagreb, 10101, Hrvatska",nominatim
4,KAŠINA,45.9076390,16.1255313,"Kašina, Grad Zagreb, Hrvatska",nominatim
4,KLADJE,45.7783575,15.7327973,"Kladje, Grad Samobor, Zagrebačka županija, Hrvatska",nominatim
4,KLINČA SELA,45.6922436,15.7435946,"Općina Klinča Sela, Zagrebačka županija, 10452, Hrvatska",nominatim
4,KLJUKA,,,,nominatim
4,KOBILIĆ,45.7319711,16.1012819,"Kobilić, Grad Velika Gorica, Zagrebačka županija, Hrvatska",nominatim
4,KONJŠĆICA,,,,nominatim
4,KOPČEVEC,45.8039982,16.2147302,"Kopčevec, Grad Dugo Selo, Zagrebačka županija, Hrvatska",nominatim
4,KOSNICA,45.7506038,16.0853697,"Kosnica, Gradska četvrt Pleso, Velika Gorica, Grad Velika Gorica, Zagrebačka županija, 10150, Hrvatska",nominatim
4,KOSTANJEVEC,45.8408380,16.0032513,"Kostanjevec, Mjesni odbor Remete, Gradska četvrt Maksimir, Zagreb, Grad Zagreb, 10123, Hrvatska",nominatim
4,KOZINŠĆAK,45.8148367,16.2605310,"Kozinščak, Grad Dugo Selo, Zagrebačka županija, Hrvatska",nominatim
4,KRALJEVEC,45.8305899,15.9688845,"Kraljevec, Mjesni odbor Kraljevec, Gradska četvrt Gornji grad - Medveščak, Zagreb, Grad Zagreb, 10112, Hrvatska",nominatim
4,KRAVARSKO,45.5864987,16.0471926,"Kravarsko, Općina Kravarsko, Zagrebačka županija, 10413, Hrvatska",nominatim
4,KRAŠIĆ,45.6540864,15.5174579,"Krašić, Općina Krašić, Zagrebačka županija, Hrvatska",nominatim
4,KRIŽEVCI,46.0247391,16.5457794,"Grad Križevci, Koprivničko-križevačka županija, Hrvatska",nominatim
4,KUPČINA,45.6160186,15.5996565,"Kupčina, Stančaki, Čeglje, Grad Jastrebarsko, Zagrebačka županija, 47201, Hrvatska",nominatim
4,KURILOVEC,45.7022546,16.0717133,"Gradska četvrt Kurilovec, Velika Gorica, Grad Velika Gorica, Zagrebačka županija, Hrvatska",nominatim
4,KUĆE,45.6761398,16.1423026,"Kuče, Grad Velika Gorica, Zagrebačka županija, 10419, Hrvatska",nominatim
4,KUČE,45.6761398,16.1423026,"Kuče, Grad Velika Gorica, Zagrebačka županija, 10419, Hrvatska",nominatim
4,LADOMER,,,,nominatim
4,LAZINA,45.8787204,16.0745122,"Lazina, Trupeljaki, Mjesni odbor Branovec - Jalševec, Gradska četvrt Gornja Dubrava, Zagreb, Grad Zagreb, 20040, Hrvatska",nominatim
4,LAŠKA VES,,,,nominatim
4,LEKENIK,45.5842704,16.2106191,"Općina Lekenik, Sisačko-moslavačka županija, Hrvatska",nominatim
4,LEKENIK. LUKAVEC,45.5842704,16.2106191,"[via 'LEKENIK'] Općina Lekenik, Sisačko-moslavačka županija, Hrvatska",nominatim
4,LEPA VES,46.0101068,15.9920646,"Lepa Ves, Grad Donja Stubica, Krapinsko-zagorska županija, Hrvatska",nominatim
4,LETOVANIĆ,45.5078202,16.1989220,"Letovanić, Općina Lekenik, Sisačko-moslavačka županija, Hrvatska",nominatim
4,LIKAVEC,,,,nominatim
4,LIPOVEC,45.9593136,16.1552144,"Lipovec, Grad Zagreb, Hrvatska",nominatim
4,LJUBLJANICA,45.7969739,15.9351671,"Ljubljanica, Mjesni odbor Ljubljanica, Gradska četvrt Trešnjevka - sjever, Zagreb, Grad Zagreb, 10110, Hrvatska",nominatim
4,LOMNICA,45.7149347,15.9999240,"Gornja Lomnica, Grad Velika Gorica, Zagrebačka županija, Hrvatska",nominatim
4,LUKA,45.8301125,16.1086081,"Mjesni odbor Luka, Gradska četvrt Sesvete, Sesvete, Grad Zagreb, Hrvatska",nominatim
4,LUKAVEC,45.7011134,15.9936241,"Lukavec, Grad Velika Gorica, Zagrebačka županija, Hrvatska",nominatim
4,LUKAVEC. OBREŽ,45.7011134,15.9936241,"[via 'LUKAVEC'] Lukavec, Grad Velika Gorica, Zagrebačka županija, Hrvatska",nominatim
4,LUČELNICA,45.5936967,15.9245536,"Lučelnica, Općina Pisarovina, Zagrebačka županija, Hrvatska",nominatim
4,MAJKOVEC,45.8787779,16.2805576,"Majkovec, Grad Sveti Ivan Zelina, Zagrebačka županija, Hrvatska",nominatim
4,MALA MLAKA,45.7289925,15.9772101,"Mala Mlaka, Grad Zagreb, Hrvatska",nominatim
4,MARKUŠEVEC,45.8758347,16.0148138,"Mjesni odbor Markuševec, Gradska četvrt Podsljeme, Zagreb, Grad Zagreb, 10166, Hrvatska",nominatim
4,MARTINSKA VES,45.8805927,16.3975499,"Martinska Ves, Grad Vrbovec, Zagrebačka županija, Hrvatska",nominatim
4,MEDVEDGRAD,45.8695479,15.9408864,"Medvedgrad, Wild Boar, Mjesni odbor Medvedgrad, Gradska četvrt Črnomerec, Zagreb, Grad Zagreb, 10168, Hrvatska",nominatim
4,MERENJE,45.9547190,15.7855215,"Merenje, Grad Zaprešić, Zagrebačka županija, Hrvatska",nominatim
4,MIHOLJEC,,,,nominatim
4,MIKOVEC,46.0897231,16.4731708,"Mikovec, Općina Sveti Petar Orehovec, Koprivničko-križevačka županija, 48267, Hrvatska",nominatim
4,MIKULIĆI,45.8472620,15.9288418,"Mikulići, Mjesni odbor Medvedgrad, Gradska četvrt Črnomerec, Zagreb, Grad Zagreb, 10168, Hrvatska",nominatim
4,MIRKOVEC,46.0540852,15.9325918,"Mirkovec, Općina Sveti Križ Začretje, Krapinsko-zagorska županija, Hrvatska",nominatim
4,MIČEVEC,45.7529444,16.0531946,"Mičevec, Grad Velika Gorica, Zagrebačka županija, Hrvatska",nominatim
4,MLAKA,45.9040939,16.2931969,"Mlaka, Općina Rakovec, Zagrebačka županija, Hrvatska",nominatim
4,MOLVICE,45.7688258,15.7544397,"Molvice, Grad Samobor, Zagrebačka županija, Hrvatska",nominatim
4,MRACLIN,45.6667778,16.0967312,"Mraclin, Grad Velika Gorica, Zagrebačka županija, Hrvatska",nominatim
4,NESPEŠ,45.9445742,16.2007596,"Nespeš, Grad Sveti Ivan Zelina, Zagrebačka županija, Hrvatska",nominatim
4,NOVAKI,45.7968280,15.8022318,"Novaki, Grad Sveta Nedelja, Zagrebačka županija, Hrvatska",nominatim
4,NOVE ČIČE,45.7033996,16.1271734,"Novo Čiče, Croatia, Posavska, Novo Čiče, Grad Velika Gorica, Zagrebačka županija, 10415, Hrvatska",nominatim
4,NOVIGRAD,,,,nominatim
4,OBREŽ,45.7159096,15.9417396,"Odranski Obrež, Grad Zagreb, Hrvatska",nominatim
4,ODRA,45.7297740,15.9925357,"Odra, Grad Zagreb, Hrvatska",nominatim
4,OKIĆ,45.7487818,15.7067533,"Okić, Grad Samobor, Zagrebačka županija, 10435, Hrvatska",nominatim
4,OPATIJA,45.5441702,15.9910957,"Opatija, Općina Pokupsko, Zagrebačka županija, Hrvatska",nominatim
4,OPOROVEC,45.8523340,16.0622955,"Mjesni odbor Oporovec, Gradska četvrt Gornja Dubrava, Zagreb, Grad Zagreb, 20040, Hrvatska",nominatim
4,OSTRNA,45.7941141,16.2711123,"Ostrna, Zagrebačka ulica, Velika Ostrna, Grad Dugo Selo, Zagrebačka županija, 10370, Hrvatska",nominatim
4,OTOK,45.7934210,16.5881516,"Otok, Svinjarec, Općina Dubrava, Grad Čazma, Zagrebačka županija, Hrvatska",nominatim
4,OZALJ,45.6144496,15.4784773,"Ozalj, Grad Ozalj, Karlovačka županija, Hrvatska",nominatim
4,PETROVINA,45.6928387,16.0312510,"Petrovina Turopoljska, Grad Velika Gorica, Zagrebačka županija, Hrvatska",nominatim
4,PETRUŠEVEC,45.7717668,16.0592337,"Mjesni odbor Petruševec, Gradska četvrt Peščenica - Žitnjak, Zagreb, Grad Zagreb, Hrvatska",nominatim
4,PEŠĆENICA,45.8123638,16.0078639,"Mjesni odbor Peščenica, Gradska četvrt Peščenica - Žitnjak, Zagreb, Grad Zagreb, 10142, Hrvatska",nominatim
4,PLANINA,45.9272658,16.0879858,"Planina Donja, Grad Zagreb, Hrvatska",nominatim
4,PLESO,45.7402719,16.0722475,"Zračna luka Franjo Tuđman, Mikulčićeva ulica, Gradska četvrt Pleso, Velika Gorica, Grad Velika Gorica, Zagrebačka županija, 10410, Hrvatska",nominatim
4,PODBREŽJE,45.7687175,15.9688941,"Podbrežje, Mjesni odbor Siget, Gradska četvrt Novi Zagreb - zapad, Zagreb, Grad Zagreb, 10020, Hrvatska",nominatim
4,PODGORJA,,,,nominatim
4,PODOTOČJE,45.6953168,16.1460850,"Donje Podotočje, Grad Velika Gorica, Zagrebačka županija, Hrvatska",nominatim
4,POKUPSKO,45.4852572,15.9919061,"Pokupsko, Općina Pokupsko, Zagrebačka županija, Hrvatska",nominatim
4,PSARJEVO,45.9434583,16.2203369,"Donje Psarjevo, Grad Sveti Ivan Zelina, Zagrebačka županija, Hrvatska",nominatim
4,PUŠĆA,45.8884609,15.7890679,"Pušća, Gradska četvrt Zaprešić Sjever, Zaprešić, Grad Zaprešić, Općina Pušća, Zagrebačka županija, 10492, Hrvatska",nominatim
4,RAKARJE,45.7260048,16.0869098,"Gradska četvrt Rakarje, Velika Gorica, Grad Velika Gorica, Zagrebačka županija, Hrvatska",nominatim
4,RAKITOVEC,45.6579460,16.1409029,"Rakitovec, Grad Velika Gorica, Zagrebačka županija, Hrvatska",nominatim
4,RAKOVAC,45.7055813,15.6694216,"Rakovac, Lokošin Dol, Grad Jastrebarsko, Zagrebačka županija, 10450, Hrvatska",nominatim
4,RASTOKI,45.6894353,15.5702461,"Rastoki, Grad Jastrebarsko, Zagrebačka županija, Hrvatska",nominatim
4,REMETE,45.8427380,15.9956597,"Remete, Mjesni odbor Remete, Gradska četvrt Maksimir, Zagreb, Grad Zagreb, 10009, Hrvatska",nominatim
4,REČICA,45.5082501,15.6617627,"Rečica, Grad Karlovac, Karlovačka županija, Hrvatska",nominatim
4,ROŽENICA,45.5438055,16.0095091,"Roženica, Općina Pokupsko, Zagrebačka županija, Hrvatska",nominatim
4,SAMOBOR,45.8032792,15.7179232,"Samobor, Grad Samobor, Zagrebačka županija, Hrvatska",nominatim
4,SELA,45.6922436,15.7435946,"Općina Klinča Sela, Zagrebačka županija, 10452, Hrvatska",nominatim
4,SENKOVČICA,,,,nominatim
4,SETUŠ,45.5489003,16.3948841,"Setuš, Općina Martinska Ves, Sisačko-moslavačka županija, 44201, Hrvatska",nominatim
4,SISAK,45.4891750,16.3746041,"Grad Sisak, Sisačko-moslavačka županija, Hrvatska",nominatim
4,SLANOVEC,45.8798808,16.0381993,"Slanovec, Mjesni odbor Dankovec, Gradska četvrt Gornja Dubrava, Zagreb, Grad Zagreb, 10166, Hrvatska",nominatim
4,SLAVETIĆ,45.7017725,15.5398413,"Slavetić, Grad Jastrebarsko, Zagrebačka županija, Hrvatska",nominatim
4,STARO ČIĆE,45.6925414,16.1179872,"Staro Čiče, Grad Velika Gorica, Zagrebačka županija, Hrvatska",nominatim
4,STENJEVEC,45.8111379,15.8860838,"Stenjevec, Mjesni odbor Stenjevec - jug, Gradska četvrt Stenjevec, Zagreb, Grad Zagreb, 10090, Hrvatska",nominatim
4,STRELEČKO,45.5191373,16.3933400,"Strelečko, Općina Martinska Ves, Sisačko-moslavačka županija, Hrvatska",nominatim
4,STUBICA,45.9749888,16.0175181,"Općina Gornja Stubica, Krapinsko-zagorska županija, 49245, Hrvatska",nominatim
4,STUPNIK,45.7465555,15.8434018,"Općina Stupnik, Zagrebačka županija, 10255, Hrvatska",nominatim
4,SUSEDGRAD,45.8209845,15.8307946,"Susedgrad, Staza 1, Mjesni odbor Podsused, Gradska četvrt Podsused - Vrapče, Zagreb, Grad Zagreb, 10172, Hrvatska",nominatim
4,SV. IVAN,45.9028307,16.2628026,"[via 'Sveta IVAN'] Sveta Helena, Grad Sveti Ivan Zelina, Zagrebačka županija, Hrvatska",nominatim
4,SV. KLARA,45.7557893,15.9721542,"Sveta Klara, Zagreb",manual
4,SV. MARTIN,45.9977247,16.5185702,"[via 'Sveti MARTIN'] Sveti Martin, Grad Križevci, Koprivničko-križevačka županija, 48260, Hrvatska",nominatim
4,SV. NEDJELJA,45.7968126,15.7769140,"[via 'Sveta NEDJELJA'] Sveta Nedelja, Grad Sveta Nedelja, Zagrebačka županija, 10431, Hrvatska",nominatim
4,SVETA HELENA,45.8112168,15.7096321,"Sveta Helena, Samobor, Grad Samobor, Zagrebačka županija, Hrvatska",nominatim
4,TOPLICA,45.2943011,15.9707037,"Općina Topusko, Sisačko-moslavačka županija, 44415, Hrvatska",nominatim
4,TRNOVEC,46.2942784,16.3992728,"Trnovec, Općina Trnovec Bartolovečki, Varaždinska županija, Hrvatska",nominatim
4,TURKOVČINA,46.0440084,16.2455029,"Turkovčina, Općina Bedenica, Zagrebačka županija, Hrvatska",nominatim
4,VELEŠOVEC,,,,nominatim
4,VELIKA MLAKA,45.7359614,16.0300097,"Velika Mlaka, Grad Velika Gorica, Zagrebačka županija, 10408, Hrvatska",nominatim
4,VOLAVJE,45.6550577,15.6058087,"Volavje, Grad Jastrebarsko, Zagrebačka županija, Hrvatska",nominatim
4,VRAPČE,45.8129884,15.9062064,"Vrapče, Mjesni odbor Vrapče - centar, Gradska četvrt Podsused - Vrapče, Zagreb, Grad Zagreb, 10090, Hrvatska",nominatim
4,VRATEČKO,45.4613653,16.1118753,"Vratečko, Grad Petrinja, Sisačko-moslavačka županija, Hrvatska",nominatim
4,VRAŽJI LAZ,,,,nominatim
4,VRBOVO,45.6737244,16.2359189,"Vrbovo Posavsko, Općina Orle, Zagrebačka županija, Hrvatska",nominatim
4,VUGROVEC,45.8784794,16.1087014,"Vugrovec, Gradska četvrt Sesvete, Vugrovec, Grad Zagreb, Hrvatska",nominatim
4,VUKOMEREC,45.8073746,16.0416862,"Vukomerec, Mjesni odbor Borongaj - Lugovi, Gradska četvrt Peščenica - Žitnjak, Zagreb, Grad Zagreb, 10148, Hrvatska",nominatim
4,VUKOVINA,45.6823954,16.1112977,"Vukovina, Grad Velika Gorica, Zagrebačka županija, Hrvatska",nominatim
4,VURNOVEC,45.8886646,16.1366229,"Vurnovec, Grad Zagreb, Hrvatska",nominatim
4,ZABLATJE,45.7430651,16.1860742,"Zablatje Posavsko, Grad Velika Gorica, Zagrebačka županija, Hrvatska",nominatim
4,ZAMERŠJE,,,,nominatim
4,ZAPREŠIĆ,45.8601188,15.8070084,"Zaprešić, Grad Zaprešić, Zagrebačka županija, 10290, Hrvatska",nominatim
4,ZELINA,45.8590511,16.2382381,"Zelina, Zagrebačka županija, Hrvatska",nominatim
4,ČRNKOVEC,45.7506386,16.1197623,"Črnkovec, Grad Velika Gorica, Zagrebačka županija, Hrvatska",nominatim
4,ČRNOMEREC,45.8156371,15.9361636,"Črnomerec, Zagreb, Grad Zagreb, Hrvatska",nominatim
4,ČUČERJE,45.8728865,16.0560140,"Čučerje, Zagreb, Grad Zagreb, Hrvatska",nominatim
4,ŠAŠINOVEC,45.8505596,16.1655408,"Šašinovec, Grad Zagreb, Hrvatska",nominatim
4,ŠILJAKOVINA,45.6337476,16.0228458,"Šiljakovina, Grad Velika Gorica, Zagrebačka županija, 10413, Hrvatska",nominatim
4,ŠIMUNOVEC,,,,nominatim
4,ŠIPAK,45.6192462,15.5669341,"Vukšin Šipak, Grad Jastrebarsko, Zagrebačka županija, Hrvatska",nominatim
4,ŠIŠINEC,45.4502378,16.0791404,"Šišinec, Općina Lekenik, Sisačko-moslavačka županija, Hrvatska",nominatim
4,ŠIŠLJAVIĆ,45.5193724,15.7593968,"Šišljavić, Grad Karlovac, Karlovačka županija, Hrvatska",nominatim
4,ŠUŠOMBERG,,,,nominatim
4,ŠUŠOMBERK,,,,nominatim
4,ŠČITARJEVO,45.7688858,16.1170565,"Šćitarjevo, Grad Velika Gorica, Zagrebačka županija, Hrvatska",nominatim
4,ŽAŽINA,45.5136849,16.2501045,"Žažina, Općina Lekenik, Sisačko-moslavačka županija, 44217, Hrvatska",nominatim
4,ŽELIN,45.7150002,16.0860883,"Želin, Gradska četvrt Stari grad, Velika Gorica, Grad Velika Gorica, Zagrebačka županija, 10410, Hrvatska",nominatim
4,ŽERJAVINEC,45.8688625,16.1650186,"Žerjavinec, Grad Zagreb, Hrvatska",nominatim
4,ŽITOMIR,46.0171515,16.1966643,"Žitomir, Grad Sveti Ivan Zelina, Zagrebačka županija, Hrvatska",nominatim
